ID,Name,Nation,Club,League,Position,Age,Height,Weight,Overall,Pace,Shooting,Passing,Dribbling,Defending,Physicality,Att work rate,Def work rate,Preferred foot,Skill moves,Weak foot,Gender
239085,Erling Haaland,Norway,Manchester City,Premier League,ST,23,195,94,91,89,93,66,80,45,88,High,Medium,Left,3,3,M
192985,Kevin De Bruyne,Belgium,Manchester City,Premier League,CM,32,181,75,91,72,88,94,87,65,78,High,Medium,Right,4,5,M
209331,Mohamed Salah,Egypt,Liverpool,Premier League,RW,31,175,71,89,89,87,81,88,45,76,High,Medium,Left,4,3,M
239818,Rúben Dias,Portugal,Manchester City,Premier League,CB,26,187,82,89,62,39,66,69,89,87,Medium,High,Right,2,4,M
231866,Rodri,Spain,Manchester City,Premier League,CDM,27,191,82,89,58,73,80,80,85,84,Medium,High,Right,3,4,M
203376,Virgil van Dijk,Holland,Liverpool,Premier League,CB,32,193,92,89,78,60,71,72,89,86,Medium,High,Right,2,3,M
212831,Alisson,Brazil,Liverpool,Premier League,GK,31,193,91,89,86,85,85,89,56,90,Medium,Medium,Right,1,3,M
200145,Casemiro,Brazil,Manchester Utd,Premier League,CDM,31,185,84,89,63,75,79,73,89,88,Medium,High,Right,2,3,M
212198,Bruno Fernandes,Portugal,Manchester Utd,Premier League,CAM,29,179,69,88,71,86,90,83,69,77,High,High,Right,4,3,M
218667,Bernardo Silva,Portugal,Manchester City,Premier League,CM,29,173,64,88,69,78,86,92,70,69,High,High,Left,4,3,M
210257,Ederson,Brazil,Manchester City,Premier League,GK,30,188,86,88,86,82,91,86,64,86,Medium,Medium,Left,1,3,M
222665,Martin Ødegaard,Norway,Arsenal,Premier League,CAM,25,178,68,87,72,81,88,87,61,64,High,Medium,Left,5,2,M
200104,Heung Min Son,Korea Republic,Spurs,Premier League,LW,31,183,78,87,87,88,80,84,42,70,High,Medium,Right,4,5,M
246669,Bukayo Saka,England,Arsenal,Premier League,RW,22,178,65,86,85,81,79,87,60,70,High,Medium,Left,3,3,M
241096,Sandro Tonali,Italy,Newcastle Utd,Premier League,CDM,23,181,79,86,84,74,81,81,82,84,Medium,High,Right,3,4,M
216267,Andrew Robertson,Scotland,Liverpool,Premier League,LB,29,178,64,86,80,61,82,81,81,77,High,High,Left,3,2,M
232411,Christopher Nkunku,France,Chelsea,Premier League,CF,26,175,73,86,82,81,83,88,62,67,Medium,Medium,Right,5,3,M
231281,Trent Alexander-Arnold,England,Liverpool,Premier League,RB,25,180,69,86,76,69,90,79,80,73,High,Medium,Right,3,4,M
206517,Jack Grealish,England,Manchester City,Premier League,LW,28,180,81,85,76,76,84,88,53,73,High,High,Right,4,3,M
237692,Phil Foden,England,Manchester City,Premier League,LW,23,171,69,85,81,79,82,88,57,60,High,High,Left,4,3,M
202811,Emiliano Martínez,Argentina,Aston Villa,Premier League,GK,31,195,88,85,83,83,82,85,58,84,Medium,Medium,Right,1,4,M
226753,André Onana,Cameroon,Manchester Utd,Premier League,GK,27,190,93,85,83,80,88,85,61,84,Medium,Medium,Right,1,3,M
209989,Thomas Partey,Ghana,Arsenal,Premier League,CDM,30,185,77,85,68,71,82,80,81,82,Medium,High,Right,3,3,M
231677,Marcus Rashford,England,Manchester Utd,Premier League,LW,26,186,70,85,90,86,78,84,42,74,High,Low,Right,5,3,M
234378,Declan Rice,England,Arsenal,Premier League,CDM,24,185,80,85,71,65,75,77,83,83,Medium,High,Right,2,3,M
203574,John Stones,England,Manchester City,Premier League,CB,29,188,76,85,72,52,75,77,85,77,High,Medium,Right,3,4,M
224458,Diogo Jota,Portugal,Liverpool,Premier League,CF,27,178,68,85,82,82,75,85,57,77,High,High,Right,4,5,M
186345,Kieran Trippier,England,Newcastle Utd,Premier League,RB,33,173,71,85,68,65,86,79,82,72,Medium,Medium,Right,3,4,M
201535,Raphaël Varane,France,Manchester Utd,Premier League,CB,30,191,81,85,79,49,64,67,86,78,Medium,High,Right,2,4,M
189509,Thiago,Spain,Liverpool,Premier League,CM,32,174,70,84,61,72,86,89,71,67,Medium,Medium,Right,5,3,M
164240,Thiago Silva,Brazil,Chelsea,Premier League,CB,39,183,79,84,51,54,74,72,87,74,Medium,High,Right,2,3,M
241852,Moussa Diaby,France,Aston Villa,Premier League,RM,24,171,67,84,95,73,75,86,42,59,High,Low,Left,4,3,M
241084,Luis Díaz,Colombia,Liverpool,Premier League,LW,26,180,73,84,91,81,75,87,34,74,High,Medium,Right,4,4,M
232580,Gabriel,Brazil,Arsenal,Premier League,CB,26,190,87,84,70,41,62,60,85,82,Medium,High,Left,2,2,M
230666,Gabriel Jesus,Brazil,Arsenal,Premier League,ST,26,175,73,84,83,82,75,88,40,77,High,High,Right,4,3,M
247851,Bruno Guimarães,Brazil,Newcastle Utd,Premier League,CM,26,182,74,84,71,74,81,84,80,81,High,High,Right,3,2,M
213648,Pierre-Emile Højbjerg,Denmark,Spurs,Premier League,CDM,28,187,84,84,55,73,78,78,81,82,High,High,Right,3,4,M
238074,Reece James,England,Chelsea,Premier League,RB,24,178,87,84,80,72,83,82,82,81,High,Medium,Right,3,3,M
220697,James Maddison,England,Spurs,Premier League,CAM,27,175,73,84,71,81,86,86,54,63,High,Medium,Right,4,4,M
251566,Gabriel Martinelli,Brazil,Arsenal,Premier League,LW,22,178,75,84,89,78,76,86,46,72,High,High,Right,4,3,M
239301,Lisandro Martínez,Argentina,Manchester Utd,Premier League,CB,25,178,77,84,73,59,78,79,85,83,Medium,High,Left,3,3,M
203841,Nick Pope,England,Newcastle Utd,Premier League,GK,31,199,76,84,82,83,75,86,49,84,Medium,Medium,Right,1,3,M
233934,Aaron Ramsdale,England,Arsenal,Premier League,GK,25,191,77,84,84,79,87,86,48,81,Medium,Medium,Right,1,3,M
188377,Kyle Walker,England,Manchester City,Premier League,RB,33,183,83,84,90,63,77,78,79,81,High,High,Right,3,2,M
251809,Sven Botman,Holland,Newcastle Utd,Premier League,CB,23,193,81,83,65,37,63,66,84,84,Medium,High,Left,2,3,M
190460,Christian Eriksen,Denmark,Manchester Utd,Premier League,CM,31,181,76,83,59,77,89,81,51,53,Medium,Medium,Right,4,5,M
247090,Enzo Fernández,Argentina,Chelsea,Premier League,CM,22,178,76,83,73,73,81,80,75,79,High,High,Right,3,4,M
205498,Jorginho,Italy,Arsenal,Premier League,CDM,32,178,68,83,53,67,84,81,74,73,Medium,Medium,Right,3,3,M
241464,Pau Torres,Spain,Aston Villa,Premier League,CB,26,191,80,83,72,38,68,70,84,81,Medium,High,Left,2,3,M
242516,Cody Gakpo,Holland,Liverpool,Premier League,CF,24,189,76,83,85,82,78,84,42,73,Medium,Medium,Right,4,4,M
167948,Hugo Lloris,France,Spurs,Premier League,GK,37,188,82,83,85,80,70,86,60,81,Medium,Medium,Left,1,1,M
229391,Palhinha,Portugal,Fulham,Premier League,CDM,28,190,85,83,62,67,71,76,84,89,Medium,High,Right,2,4,M
243715,William Saliba,France,Arsenal,Premier League,CB,22,193,85,83,82,39,69,73,84,82,Medium,High,Right,2,3,M
205988,Luke Shaw,England,Manchester Utd,Premier League,LB,28,181,75,83,76,57,82,79,81,78,Medium,Medium,Left,3,2,M
202652,Raheem Sterling,England,Chelsea,Premier League,LW,29,170,69,83,85,78,76,85,45,67,High,Medium,Right,4,3,M
229237,Manuel Akanji,Switzerland,Manchester City,Premier League,CB,28,187,91,82,77,48,70,72,83,78,Medium,Medium,Right,2,4,M
223334,Joelinton,Brazil,Newcastle Utd,Premier League,CM,27,186,81,82,78,71,76,82,81,88,High,High,Right,3,3,M
227535,Rodrigo Bentancur,Uruguay,Spurs,Premier League,CM,26,187,73,82,70,67,81,83,79,77,Medium,High,Right,4,4,M
211738,Mark Flekken,Holland,Brentford,Premier League,GK,30,195,87,82,81,74,83,85,31,81,Medium,Medium,Right,1,4,M
251517,Joško Gvardiol,Croatia,Manchester City,Premier League,CB,21,185,80,82,78,54,69,74,82,83,High,High,Left,3,4,M
235790,Kai Havertz,Germany,Arsenal,Premier League,CAM,24,190,82,82,78,79,79,83,45,68,Medium,Medium,Left,4,4,M
207410,Mateo Kovačić,Croatia,Manchester City,Premier League,CM,29,177,80,82,69,69,82,87,71,70,High,High,Right,4,4,M
239837,Alexis Mac Allister,Argentina,Liverpool,Premier League,CM,25,176,72,82,70,79,82,82,70,72,Medium,Medium,Right,3,3,M
253072,Darwin Núñez,Uruguay,Liverpool,Premier League,ST,24,187,80,82,90,81,71,76,43,85,High,High,Right,3,3,M
204935,Jordan Pickford,England,Everton,Premier League,GK,29,185,77,82,83,77,87,87,51,80,Medium,Medium,Left,1,4,M
232488,Cristian Romero,Argentina,Spurs,Premier League,CB,25,185,79,82,70,46,59,66,84,80,Medium,High,Right,3,2,M
233049,Jadon Sancho,England,Manchester Utd,Premier League,LW,23,180,76,82,78,70,80,87,33,47,Medium,Medium,Right,5,3,M
210047,Fabian Schär,Switzerland,Newcastle Utd,Premier League,CB,32,188,84,82,54,68,75,73,84,77,High,High,Right,2,3,M
236772,Dominik Szoboszlai,Hungary,Liverpool,Premier League,CAM,23,186,74,82,83,82,84,82,34,64,Medium,Medium,Right,4,4,M
216393,Youri Tielemans,Belgium,Aston Villa,Premier League,CM,26,176,72,82,50,79,85,79,69,69,Medium,Medium,Right,4,5,M
240091,Guglielmo Vicario,Italy,Spurs,Premier League,GK,27,188,76,82,83,81,79,85,34,83,Medium,Medium,Right,1,1,M
196978,Callum Wilson,England,Newcastle Utd,Premier League,ST,31,180,66,82,80,82,67,79,42,76,High,Medium,Right,3,3,M
208920,Nathan Aké,Holland,Manchester City,Premier League,CB,28,180,75,81,75,53,72,74,82,77,Medium,High,Left,2,3,M
230977,Miguel Almirón,Paraguay,Newcastle Utd,Premier League,RW,29,174,70,81,87,77,75,81,56,64,High,High,Left,4,2,M
235844,Edson Álvarez,Mexico,West Ham,Premier League,CDM,26,187,73,81,68,58,68,70,82,87,Low,High,Right,2,3,M
229984,Ben Chilwell,England,Chelsea,Premier League,LB,27,180,77,81,74,60,78,78,77,73,High,Medium,Left,3,3,M
233927,Lucas Paquetá,Brazil,West Ham,Premier League,CAM,26,180,72,81,72,77,79,84,69,76,High,High,Left,5,4,M
236276,Arnaut Danjuma,Holland,Everton,Premier League,ST,26,178,74,81,86,81,76,83,44,67,High,Medium,Right,4,4,M
199915,Lewis Dunk,England,Brighton,Premier League,CB,32,192,88,81,45,51,66,66,82,80,Medium,High,Right,2,3,M
251892,Beto,Portugal,Everton,Premier League,ST,25,194,88,81,86,79,59,75,25,84,High,Medium,Right,3,3,M
233731,Alexander Isak,Sweden,Newcastle Utd,Premier League,ST,24,192,77,81,83,81,72,84,39,72,High,Medium,Right,4,5,M
237678,Ibrahima Konaté,France,Liverpool,Premier League,CB,24,194,95,81,77,34,57,68,82,82,Medium,High,Right,3,2,M
247394,Dejan Kulusevski,Sweden,Spurs,Premier League,RW,23,186,75,81,76,77,80,84,56,75,High,Medium,Left,4,3,M
192563,Bernd Leno,Germany,Fulham,Premier League,GK,31,189,83,81,82,79,73,83,54,82,Medium,Medium,Right,1,3,M
226226,Giovani Lo Celso,Argentina,Spurs,Premier League,CAM,27,177,68,81,70,75,83,84,68,73,High,Medium,Left,4,3,M
255475,Antony,Brazil,Manchester Utd,Premier League,RW,23,172,63,81,83,76,74,87,46,73,High,High,Left,5,2,M
233064,Mason Mount,England,Manchester Utd,Premier League,CAM,24,181,74,81,72,79,82,80,56,67,High,High,Right,3,4,M
243576,Pedro Porro,Spain,Spurs,Premier League,RB,24,173,69,81,82,73,77,81,74,77,High,Medium,Right,3,3,M
235173,Ibrahim Sangaré,Côte d'Ivoire,Nott'm Forest,Premier League,CDM,26,191,77,81,66,66,74,75,81,86,Medium,High,Right,3,4,M
219693,Diego Carlos,Brazil,Aston Villa,Premier League,CB,30,186,79,81,67,47,63,67,81,77,Medium,High,Right,3,4,M
207421,Leandro Trossard,Belgium,Arsenal,Premier League,CF,29,171,67,81,81,80,78,84,30,61,High,Medium,Right,4,4,M
211990,Odisseas Vlachodimos,Greece,Nott'm Forest,Premier League,GK,29,190,81,81,84,77,66,84,43,78,Medium,Medium,Right,1,3,M
246191,Julián Álvarez,Argentina,Manchester City,Premier League,ST,23,170,71,80,79,81,76,83,55,76,High,High,Right,4,4,M
224158,Sofyan Amrabat,Morocco,Manchester Utd,Premier League,CDM,27,185,75,80,68,71,77,79,74,80,Low,High,Right,3,2,M
234742,Harvey Barnes,England,Newcastle Utd,Premier League,LW,26,185,72,80,85,77,75,81,43,69,High,Low,Right,3,4,M
226162,Emiliano Buendía,Argentina,Aston Villa,Premier League,RM,27,172,72,80,69,74,81,83,66,71,High,High,Right,4,4,M
256079,Moisés Caicedo,Ecuador,Chelsea,Premier League,CDM,22,178,71,80,74,63,72,77,77,74,High,High,Right,3,3,M
234574,Diogo Dalot,Portugal,Manchester Utd,Premier League,RB,24,184,76,80,81,61,76,78,75,79,High,High,Right,4,4,M
231943,Richarlison,Brazil,Spurs,Premier League,ST,26,184,71,80,77,79,72,82,53,78,High,Medium,Right,4,5,M
232487,Wataru Endo,Japan,Liverpool,Premier League,CM,30,178,77,80,67,68,73,80,79,75,High,Medium,Right,3,4,M
237942,Pervis Estupiñán,Ecuador,Brighton,Premier League,LB,25,175,78,80,77,47,71,76,77,75,High,Medium,Left,3,3,M
236987,Boubacar Kamara,France,Aston Villa,Premier League,CDM,24,184,68,80,68,54,72,73,80,79,Low,Medium,Right,3,3,M
221660,Victor Lindelöf,Sweden,Manchester Utd,Premier League,CB,29,187,80,80,59,51,73,72,81,76,Medium,Medium,Right,3,4,M
211300,Anthony Martial,France,Manchester Utd,Premier League,ST,28,184,76,80,80,78,73,84,35,66,Medium,Low,Right,4,4,M
197061,Joel Matip,Cameroon,Liverpool,Premier League,CB,32,194,90,80,61,46,67,70,81,77,Medium,Medium,Right,2,2,M
255565,Kaoru Mitoma,Japan,Brighton,Premier League,LM,26,178,71,80,84,73,74,85,57,65,Medium,Medium,Right,4,4,M
217036,Álex Moreno,Spain,Aston Villa,Premier League,LB,30,179,68,80,87,69,73,77,76,70,High,Medium,Left,3,3,M
220901,David Raya,Spain,Arsenal,Premier League,GK,28,183,75,80,80,78,82,82,57,80,Medium,Medium,Right,1,3,M
229880,Aaron Wan-Bissaka,England,Manchester Utd,Premier League,RB,26,183,72,80,83,50,68,77,77,71,Medium,High,Right,3,2,M
221697,Ollie Watkins,England,Aston Villa,Premier League,ST,27,180,70,80,84,79,68,76,46,75,High,High,Right,3,4,M
231936,Benjamin White,England,Arsenal,Premier League,RB,26,185,77,80,72,30,70,74,82,77,Medium,High,Right,2,4,M
238067,Nicolò Zaniolo,Italy,Aston Villa,Premier League,RM,24,190,79,80,83,78,72,81,51,86,High,Low,Left,4,3,M
227813,Oleksandr Zinchenko,Ukraine,Arsenal,Premier League,LB,27,175,64,80,66,66,83,83,78,69,High,Medium,Left,3,3,M
244749,Nayef Aguerd,Morocco,West Ham,Premier League,CB,27,190,76,79,71,50,64,64,81,75,Medium,Medium,Left,2,3,M
229906,Leon Bailey,Jamaica,Aston Villa,Premier League,RM,26,178,77,79,90,77,73,82,33,62,High,Low,Left,4,3,M
236480,Yves Bissouma,Mali,Spurs,Premier League,CDM,27,182,80,79,72,67,74,77,77,76,High,Medium,Right,4,3,M
224371,Jarrod Bowen,England,West Ham,Premier League,RM,27,175,70,79,77,77,74,80,44,66,High,Medium,Left,4,3,M
198032,Dan Burn,England,Newcastle Utd,Premier League,CB,31,198,87,79,51,34,67,64,80,85,Medium,High,Left,2,3,M
227174,Matty Cash,Poland,Aston Villa,Premier League,RB,26,185,74,79,80,66,71,75,74,75,High,High,Right,3,2,M
239231,Cucurella,Spain,Chelsea,Premier League,LB,25,173,66,79,75,68,77,79,75,74,High,High,Left,3,3,M
200458,Lucas Digne,France,Aston Villa,Premier League,LB,30,178,74,79,76,69,78,76,76,74,High,Low,Left,3,2,M
229942,Axel Disasi,France,Chelsea,Premier League,CB,25,190,86,79,49,48,53,56,80,84,Medium,Medium,Right,2,2,M
235794,Eberechi Eze,England,Crystal Palace,Premier League,CAM,25,178,67,79,77,76,77,82,49,68,Medium,Medium,Right,4,3,M
164835,Łukasz Fabiański,Poland,West Ham,Premier League,GK,38,190,83,79,78,80,68,78,49,79,Medium,Medium,Right,1,2,M
248695,Wesley Fofana,France,Chelsea,Premier League,CB,23,190,76,79,73,37,55,66,81,77,Medium,High,Right,2,3,M
225100,Joe Gomez,England,Liverpool,Premier League,CB,26,188,77,79,82,27,68,70,79,77,Medium,Medium,Right,3,3,M
246104,Ryan Gravenberch,Holland,Liverpool,Premier League,CM,21,190,77,79,72,76,78,83,68,72,Medium,Medium,Right,4,4,M
233306,Dean Henderson,England,Crystal Palace,Premier League,GK,26,188,85,79,80,78,77,81,55,75,Medium,Medium,Right,1,3,M
227678,Ezri Konsa,England,Aston Villa,Premier League,CB,26,183,77,79,77,39,62,71,80,76,Medium,Medium,Right,2,3,M
245155,Mohammed Kudus,Ghana,West Ham,Premier League,RW,23,177,70,79,90,74,71,84,59,75,Medium,Low,Left,4,3,M
253124,Matheus Nunes,Portugal,Manchester City,Premier League,CM,25,183,76,79,83,71,74,81,73,77,High,Medium,Right,3,3,M
228789,Robert Sánchez,Spain,Chelsea,Premier League,GK,26,197,85,79,79,77,75,80,45,79,Medium,Medium,Right,1,4,M
203263,Harry Maguire,England,Manchester Utd,Premier League,CB,30,193,100,79,46,57,67,65,78,82,High,Medium,Right,2,3,M
212442,José Sá,Portugal,Wolves,Premier League,GK,30,192,84,79,80,75,70,81,52,78,Medium,Medium,Right,1,2,M
206594,Solly March,England,Brighton,Premier League,RM,29,180,77,79,75,70,76,80,67,66,High,High,Left,3,2,M
210881,John McGinn,Scotland,Aston Villa,Premier League,CM,29,178,68,79,68,74,75,77,73,81,High,High,Left,3,2,M
237238,Scott McTominay,Scotland,Manchester Utd,Premier League,CDM,27,193,88,79,59,74,72,73,77,84,Medium,High,Right,3,3,M
189682,Ben Mee,England,Brentford,Premier League,CB,34,180,82,79,51,42,54,57,82,76,Medium,High,Left,2,3,M
212419,Tyrone Mings,England,Aston Villa,Premier League,CB,30,196,77,79,71,44,67,66,78,83,High,Medium,Left,3,2,M
231340,Gonzalo Montiel,Argentina,Nott'm Forest,Premier League,RB,26,175,70,79,82,62,69,75,76,81,High,Medium,Right,3,3,M
200159,Stefan Ortega,Germany,Manchester City,Premier League,GK,31,185,88,79,76,73,86,84,52,79,Medium,Medium,Right,1,4,M
181458,Ivan Perišić,Croatia,Spurs,Premier League,LW,34,186,80,79,71,78,80,79,73,75,High,Medium,Right,4,5,M
224081,Kalvin Phillips,England,Manchester City,Premier League,CDM,28,178,72,79,66,65,76,75,77,76,Medium,High,Right,3,3,M
238717,Ethan Pinnock,Jamaica,Brentford,Premier League,CB,30,194,79,79,70,37,57,62,80,82,Medium,High,Left,2,3,M
236499,Douglas Luiz,Brazil,Aston Villa,Premier League,CDM,25,175,66,79,66,72,82,78,74,72,High,Low,Right,3,2,M
236792,Tomáš Souček,Czech Republic,West Ham,Premier League,CDM,28,192,86,79,56,70,71,70,80,83,High,Medium,Right,3,3,M
202695,James Tarkowski,England,Everton,Premier League,CB,31,188,81,79,55,45,62,60,81,79,Medium,High,Right,2,4,M
251805,Jurriën Timber,Holland,Arsenal,Premier League,CB,22,179,78,79,78,47,67,77,80,80,High,Medium,Right,3,3,M
204311,Kurt Zouma,France,West Ham,Premier League,CB,29,190,95,79,61,51,61,56,79,83,Medium,Medium,Right,2,3,M
232999,Tyler Adams,United States,AFC Bournemouth,Premier League,CDM,24,175,72,78,78,48,67,72,77,77,Medium,High,Right,3,3,M
224221,Joachim Andersen,Denmark,Crystal Palace,Premier League,CB,27,192,90,78,53,50,70,66,78,81,Medium,Medium,Right,2,3,M
190717,Michail Antonio,Jamaica,West Ham,Premier League,ST,33,180,82,78,78,74,73,76,54,82,High,Medium,Right,4,3,M
193105,Alphonse Areola,France,West Ham,Premier League,GK,30,195,94,78,81,77,74,80,55,76,Medium,Medium,Right,1,3,M
197853,Serge Aurier,Côte d'Ivoire,Nott'm Forest,Premier League,RB,31,174,74,78,69,62,74,74,76,74,High,Medium,Right,3,3,M
242578,Benoît Badiashile,France,Chelsea,Premier League,CB,22,194,75,78,61,47,67,60,79,76,Medium,High,Left,2,3,M
220621,Saïd Benrahma,Algeria,West Ham,Premier League,LM,28,172,67,78,74,75,75,82,40,57,High,Medium,Right,4,4,M
227928,Nélson Semedo,Portugal,Wolves,Premier League,RB,30,177,69,78,83,57,69,79,74,74,High,Medium,Right,4,3,M
240243,Matheus Cunha,Brazil,Wolves,Premier League,ST,24,184,75,78,80,78,75,82,40,73,High,High,Right,4,4,M
244470,Vladimír Coufal,Czech Republic,West Ham,Premier League,RB,31,175,76,78,65,56,72,73,77,80,High,High,Right,3,3,M
218339,Mahmoud Dahoud,Germany,Brighton,Premier League,CM,27,178,68,78,67,68,77,83,66,68,High,Medium,Right,4,4,M
207863,Felipe,Brazil,Nott'm Forest,Premier League,CB,34,190,84,78,52,44,56,58,78,81,Low,High,Right,2,3,M
231633,Issa Diop,France,Fulham,Premier League,CB,26,194,92,78,64,37,53,57,79,80,Medium,Medium,Right,2,3,M
242619,Cheick Doucouré,Mali,Crystal Palace,Premier League,CDM,23,180,73,78,66,57,69,75,75,77,Medium,High,Right,3,3,M
220407,Martin Dúbravka,Slovakia,Newcastle Utd,Premier League,GK,34,190,80,78,78,76,79,80,46,76,Medium,Medium,Right,1,2,M
253004,Ansu Fati,Spain,Brighton,Premier League,LW,21,178,66,78,89,76,72,81,30,53,High,Medium,Right,4,4,M
238216,Conor Gallagher,England,Chelsea,Premier League,CM,23,182,74,78,73,75,74,76,68,75,High,High,Right,3,2,M
190765,Pascal Groß,Germany,Brighton,Premier League,CM,32,181,78,78,52,75,82,77,62,72,High,High,Right,4,4,M
241159,Marc Guéhi,England,Crystal Palace,Premier League,CB,23,182,82,78,72,39,59,69,79,75,Medium,Medium,Right,2,4,M
224494,Rico Henry,England,Brentford,Premier League,LB,26,170,66,78,89,41,62,75,74,72,High,High,Left,3,2,M
259197,Nicolas Jackson,Senegal,Chelsea,Premier League,ST,22,186,78,78,76,79,63,78,42,69,High,Low,Right,3,3,M
247204,Emerson Royal,Brazil,Spurs,Premier League,RB,24,181,79,78,72,62,71,73,75,77,High,Medium,Right,3,3,M
212811,Mario Lemina,Gabon,Wolves,Premier League,CDM,30,184,85,78,68,67,75,75,75,77,Medium,Medium,Right,3,4,M
237161,Sean Longstaff,England,Newcastle Utd,Premier League,CM,26,180,65,78,64,65,75,74,73,72,High,High,Right,2,3,M
238041,Tyrell Malacia,Holland,Manchester Utd,Premier League,LB,24,169,67,78,83,56,69,78,74,77,Medium,High,Left,3,3,M
242000,Konstantinos Mavropanos,Greece,West Ham,Premier League,CB,26,194,89,78,79,56,54,59,78,82,High,Medium,Right,2,4,M
243014,Bryan Mbeumo,Cameroon,Brentford,Premier League,RW,24,171,75,78,83,77,72,78,45,74,High,High,Left,4,2,M
194404,Neto,Brazil,AFC Bournemouth,Premier League,GK,34,190,84,78,79,76,76,77,54,76,Medium,Medium,Right,1,2,M
247827,Michael Olise,France,Crystal Palace,Premier League,RW,22,189,73,78,80,70,77,83,50,56,Medium,Medium,Left,4,2,M
246923,Jacob Ramsey,England,Aston Villa,Premier League,LM,22,180,72,78,76,75,73,80,68,76,High,Medium,Right,3,4,M
245279,Reguilón,Spain,Manchester Utd,Premier League,LB,27,178,68,78,82,57,74,77,75,70,High,Medium,Left,3,3,M
198950,Pablo Sarabia,Spain,Wolves,Premier League,RM,31,174,70,78,69,73,80,80,57,60,High,Medium,Left,4,4,M
233500,Luis Sinisterra,Colombia,AFC Bournemouth,Premier League,LM,24,172,60,78,89,72,70,84,53,61,High,Medium,Right,4,4,M
240273,Emile Smith Rowe,England,Arsenal,Premier League,LW,23,182,72,78,76,71,75,81,32,62,High,High,Right,4,4,M
232938,Takehiro Tomiyasu,Japan,Arsenal,Premier League,RB,25,188,84,78,71,33,67,71,80,79,Medium,High,Right,2,5,M
253150,Mike Trésor,Belgium,Burnley,Premier League,LM,24,172,66,78,79,71,79,80,38,58,High,Low,Right,5,3,M
264453,Micky van de Ven,Holland,Spurs,Premier League,CB,22,193,81,78,85,43,59,68,79,80,High,Medium,Left,3,3,M
208004,Joël Veltman,Holland,Brighton,Premier League,RB,31,184,75,78,61,49,68,71,80,74,Medium,Medium,Right,2,4,M
205569,James Ward-Prowse,England,West Ham,Premier League,CM,29,173,66,78,57,72,85,74,64,71,High,High,Right,3,3,M
207616,Adam Webster,England,Brighton,Premier League,CB,28,191,75,78,69,31,62,70,79,76,Medium,Medium,Right,2,4,M
237329,Joe Willock,England,Newcastle Utd,Premier League,CM,24,186,71,78,81,72,74,81,72,72,High,High,Right,3,3,M
222104,Tosin Adarabioyo,England,Fulham,Premier League,CB,26,196,80,77,73,31,57,62,77,77,Low,Medium,Right,2,3,M
230978,Taiwo Awoniyi,Nigeria,Nott'm Forest,Premier League,ST,26,189,85,77,77,76,59,70,32,81,High,Medium,Right,3,2,M
220714,Philip Billing,Denmark,AFC Bournemouth,Premier League,CM,27,197,80,77,59,78,73,75,71,81,Medium,Medium,Left,3,3,M
180403,Willian,Brazil,Fulham,Premier League,LM,35,175,77,77,72,77,77,81,49,55,Medium,Low,Right,4,4,M
237658,Santiago Bueno,Uruguay,Wolves,Premier League,CB,25,190,76,77,50,31,55,56,78,78,Medium,High,Right,2,3,M
221479,Dominic Calvert-Lewin,England,Everton,Premier League,ST,26,187,71,77,78,75,64,72,39,76,High,Medium,Right,3,3,M
222501,Timothy Castagne,Belgium,Fulham,Premier League,RB,28,185,80,77,73,56,71,75,74,71,High,Medium,Right,3,3,M
230918,Trevoh Chalobah,England,Chelsea,Premier League,CB,24,191,84,77,64,47,65,68,78,77,Medium,High,Right,3,3,M
189615,Aaron Cresswell,England,West Ham,Premier League,LB,34,175,66,77,58,60,75,75,77,67,High,Medium,Left,3,3,M
205923,Ben Davies,Wales,Spurs,Premier League,CB,30,181,76,77,64,58,72,72,78,72,Medium,Medium,Left,3,3,M
194806,Craig Dawson,England,Wolves,Premier League,CB,33,188,77,77,44,47,59,55,80,76,Medium,Medium,Right,2,2,M
202335,Eric Dier,England,Spurs,Premier League,CB,29,188,90,77,51,63,68,63,76,81,Medium,High,Right,2,2,M
246420,Jérémy Doku,Belgium,Manchester City,Premier League,RM,21,173,77,77,91,67,68,82,25,65,Medium,Medium,Right,4,3,M
237819,Nicolás Domínguez,Argentina,Nott'm Forest,Premier League,CDM,25,179,73,77,75,66,71,76,72,77,High,High,Right,3,5,M
208135,Abdoulaye Doucouré,Mali,Everton,Premier League,CM,30,184,76,77,66,76,70,75,76,80,Medium,Medium,Right,3,3,M
246174,Harvey Elliott,England,Liverpool,Premier League,CAM,20,168,67,77,75,64,75,81,46,52,High,Medium,Left,4,4,M
256958,Fábio Vieira,Portugal,Arsenal,Premier League,CAM,23,176,61,77,74,71,77,77,40,53,High,Medium,Left,3,3,M
226456,Pablo Fornals,Spain,West Ham,Premier League,LM,27,178,67,77,64,71,78,77,69,71,High,High,Right,4,3,M
236015,Morgan Gibbs-White,England,Nott'm Forest,Premier League,CAM,23,178,70,77,75,72,75,79,57,69,High,High,Right,4,2,M
246785,Bryan Gil,Spain,Spurs,Premier League,LW,22,175,65,77,75,67,74,81,31,41,High,Medium,Left,3,3,M
193474,Idrissa Gueye,Senegal,Everton,Premier League,CDM,34,174,66,77,61,60,66,72,80,70,Low,High,Right,3,3,M
208450,Andreas Pereira,Brazil,Fulham,Premier League,CAM,27,177,70,77,76,75,78,78,66,69,Medium,Medium,Right,4,4,M
195859,Danny Ings,England,West Ham,Premier League,ST,31,178,73,77,70,80,69,75,45,68,High,High,Right,3,3,M
242434,Curtis Jones,England,Liverpool,Premier League,CM,22,185,74,77,68,68,73,79,68,72,High,Medium,Right,4,4,M
239901,Saša Kalajdžić,Austria,Wolves,Premier League,ST,26,200,93,77,55,75,68,72,46,71,Medium,Medium,Right,3,3,M
207599,Michael Keane,England,Everton,Premier League,CB,30,191,82,77,52,49,63,61,79,77,Medium,Medium,Right,2,3,M
236920,Justin Kluivert,Holland,AFC Bournemouth,Premier League,RM,24,171,67,77,88,73,71,79,38,63,High,Medium,Right,4,4,M
220440,Clément Lenglet,France,Aston Villa,Premier League,CB,28,186,81,77,66,45,69,64,77,75,Medium,Medium,Left,2,4,M
213991,Jefferson Lerma,Colombia,Crystal Palace,Premier League,CDM,29,179,70,77,68,67,68,72,76,79,Medium,Medium,Right,3,4,M
238616,Pedro Neto,Portugal,Wolves,Premier League,LM,23,172,62,77,84,74,70,79,31,59,High,Medium,Left,4,4,M
236699,Saša Lukić,Serbia,Fulham,Premier League,CM,27,183,77,77,59,68,77,78,68,72,Medium,Medium,Right,3,3,M
254796,Noni Madueke,England,Chelsea,Premier League,RW,21,182,73,77,90,71,68,82,35,62,Medium,Low,Left,4,4,M
138412,James Milner,England,Brighton,Premier League,CM,37,175,70,77,53,70,79,76,76,75,Medium,High,Right,3,4,M
225859,Moussa Niakhaté,Senegal,Nott'm Forest,Premier League,CB,27,190,85,77,75,42,63,65,78,77,Medium,High,Left,2,3,M
210697,Christian Nørgaard,Denmark,Brentford,Premier League,CDM,29,187,77,77,57,60,69,69,76,79,Medium,High,Right,3,3,M
210736,Emerson,Italy,West Ham,Premier League,LB,29,176,79,77,76,63,75,78,73,64,Medium,Medium,Left,3,2,M
198719,Nathan Redmond,England,Burnley,Premier League,RM,29,173,69,77,84,75,70,81,30,60,High,Medium,Right,4,3,M
241042,Oliver Skipp,England,Spurs,Premier League,CDM,23,175,70,77,64,47,68,71,75,71,Medium,High,Right,2,3,M
246791,Manor Solomon,Israel,Spurs,Premier League,LW,24,170,67,77,83,72,75,81,43,58,High,High,Right,4,4,M
211575,André Gomes,Portugal,Everton,Premier League,CDM,30,188,84,77,45,67,76,75,72,76,Low,Medium,Right,4,4,M
232223,Konstantinos Tsimikas,Greece,Liverpool,Premier League,LB,27,179,70,77,80,56,72,75,72,75,High,High,Left,3,3,M
233267,Matt Turner,United States,Nott'm Forest,Premier League,GK,29,190,79,77,76,75,67,77,40,79,Medium,Medium,Right,1,2,M
259583,Destiny Udogie,Italy,Spurs,Premier League,LB,21,186,73,77,88,63,68,76,70,77,High,High,Left,3,3,M
221363,Donny van de Beek,Holland,Manchester Utd,Premier League,CM,26,184,74,77,65,77,74,76,70,70,High,Medium,Right,3,3,M
234824,Yoane Wissa,Congo DR,Brentford,Premier League,LW,27,176,74,77,85,77,69,78,29,70,Medium,Medium,Right,3,3,M
243647,Altay Bayındır,Turkey,Manchester Utd,Premier League,GK,25,198,73,76,78,73,72,79,30,76,Medium,Medium,Right,1,2,M
202750,Willy Boly,Côte d'Ivoire,Nott'm Forest,Premier League,CB,32,195,97,76,53,36,60,58,76,77,Medium,Medium,Right,2,4,M
210455,Jonny,Spain,Wolves,Premier League,LB,29,170,70,76,68,54,69,74,75,67,Medium,Medium,Right,3,3,M
248484,Nathan Collins,Republic of Ireland,Brentford,Premier League,CB,22,193,81,76,67,30,55,62,77,76,Medium,High,Right,2,3,M
215798,Maxwel Cornet,Côte d'Ivoire,West Ham,Premier League,LM,27,179,69,76,85,75,70,76,67,72,High,Medium,Left,3,4,M
228151,Josh Cullen,Republic of Ireland,Burnley,Premier League,CDM,27,175,70,76,68,56,74,73,73,70,High,High,Right,3,3,M
241508,Mikkel Damsgaard,Denmark,Brentford,Premier League,CAM,23,180,71,76,81,69,71,81,55,65,High,High,Right,4,3,M
203502,Bobby De Cordova-Reid,Jamaica,Fulham,Premier League,RM,30,170,68,76,75,72,71,77,59,65,High,High,Right,3,3,M
241585,Igor,Brazil,Brighton,Premier League,CB,25,185,84,76,72,31,50,55,77,85,Medium,Medium,Left,2,2,M
172203,Fraser Forster,England,Spurs,Premier League,GK,35,201,93,76,76,72,67,81,28,75,Medium,Medium,Right,1,5,M
273463,João Gomes,Brazil,Wolves,Premier League,CDM,22,176,74,76,69,64,71,73,76,73,Medium,Medium,Right,3,3,M
259307,Malo Gusto,France,Chelsea,Premier League,RB,20,179,70,76,88,49,68,75,68,73,High,High,Right,3,3,M
232080,Jack Harrison,England,Everton,Premier League,LM,27,175,70,76,80,70,70,79,49,69,High,High,Left,4,3,M
248808,Aaron Hickey,Scotland,Brentford,Premier League,RB,21,185,72,76,75,55,70,75,73,68,High,High,Right,2,5,M
259399,Rasmus Højlund,Denmark,Manchester Utd,Premier League,ST,20,191,79,76,85,75,55,74,29,78,Medium,High,Left,3,3,M
228295,Rob Holding,England,Crystal Palace,Premier League,CB,28,189,75,76,53,34,61,65,78,73,Low,High,Right,2,3,M
226380,Hwang Hee Chan,Korea Republic,Wolves,Premier League,LM,27,177,77,76,81,75,70,77,39,72,High,Medium,Right,4,4,M
213655,Alex Iwobi,Nigeria,Fulham,Premier League,RM,27,185,75,76,74,64,73,78,56,74,High,High,Right,4,3,M
235167,Vitaly Janelt,Germany,Brentford,Premier League,CDM,25,184,79,76,67,69,71,72,73,77,High,High,Left,3,3,M
229723,Mathias Jensen,Denmark,Brentford,Premier League,CM,27,180,68,76,62,64,77,74,69,73,Medium,High,Right,3,4,M
204838,Raúl Jiménez,Mexico,Fulham,Premier League,ST,32,188,81,76,66,77,75,74,45,78,Medium,Medium,Right,3,4,M
251421,Brennan Johnson,Wales,Spurs,Premier League,RW,22,179,71,76,89,74,67,77,41,59,High,Medium,Right,3,4,M
206075,Sam Johnstone,England,Crystal Palace,Premier League,GK,30,193,85,76,77,74,70,78,41,77,Medium,Medium,Right,1,3,M
226229,Thilo Kehrer,Germany,West Ham,Premier League,CB,27,186,76,76,71,44,65,65,76,75,Medium,Medium,Right,2,5,M
245336,Max Kilman,England,Wolves,Premier League,CB,26,194,89,76,61,42,64,63,77,78,Medium,High,Left,2,4,M
180819,Adam Lallana,England,Brighton,Premier League,CAM,35,178,73,76,56,70,77,77,63,61,High,Medium,Right,4,5,M
234078,Orel Mangala,Belgium,Nott'm Forest,Premier League,CM,25,178,80,76,63,54,72,82,71,72,Medium,Medium,Right,3,3,M
243282,Dwight McNeil,England,Everton,Premier League,LM,24,183,70,76,68,66,75,78,54,66,High,High,Left,3,2,M
240947,Tyrick Mitchell,England,Crystal Palace,Premier League,LB,24,175,66,76,75,39,60,70,75,68,High,High,Left,2,3,M
206085,Jacob Murphy,England,Newcastle Utd,Premier League,RW,28,179,74,76,83,68,70,78,62,64,High,Medium,Right,3,4,M
183855,Angelo Ogbonna,Italy,West Ham,Premier League,CB,35,191,86,76,40,40,59,59,79,67,Medium,Medium,Left,2,3,M
257057,Amadou Onana,Belgium,Everton,Premier League,CDM,22,192,76,76,73,59,69,71,73,78,High,High,Right,3,4,M
205990,Harrison Reed,England,Fulham,Premier League,CDM,28,175,72,76,68,60,72,71,72,75,Medium,High,Right,3,3,M
229348,Antonee Robinson,United States,Fulham,Premier League,LB,26,182,70,76,87,45,68,76,70,76,High,Medium,Left,3,3,M
273106,Danilo,Brazil,Nott'm Forest,Premier League,CDM,22,176,69,76,70,62,68,69,73,70,High,High,Left,2,3,M
200759,Jeffrey Schlupp,Ghana,Crystal Palace,Premier League,CDM,31,178,72,76,82,71,70,76,74,75,Medium,Medium,Left,3,2,M
236506,Marcos Senesi,Argentina,AFC Bournemouth,Premier League,CB,26,183,78,76,59,42,69,72,76,75,Low,Medium,Left,3,4,M
218659,Matt Targett,England,Newcastle Utd,Premier League,LB,28,183,70,76,66,47,72,72,75,68,High,Medium,Left,3,2,M
216266,Kenny Tete,Holland,Fulham,Premier League,RB,28,180,71,76,75,47,68,69,75,76,Medium,Medium,Right,2,2,M
240787,Hamed Traorè,Côte d'Ivoire,AFC Bournemouth,Premier League,LM,23,177,77,76,79,69,72,78,57,62,High,Low,Right,3,3,M
251530,Nuno Tavares,Portugal,Nott'm Forest,Premier League,LB,23,183,75,76,86,65,69,74,68,80,High,Medium,Left,3,4,M
186146,Danny Welbeck,England,Brighton,Premier League,ST,33,185,73,76,68,73,70,76,42,71,High,High,Right,3,3,M
152908,Ashley Young,England,Everton,Premier League,LB,38,175,65,76,65,66,77,75,76,71,High,Medium,Right,4,3,M
236524,Anel Ahmedhodžić,Bosnia and Herzegovina,Sheffield Utd,Premier League,CB,24,195,84,75,78,41,60,63,74,78,Medium,Medium,Right,2,3,M
242641,Rayan Aït-Nouri,France,Wolves,Premier League,LB,22,180,70,75,80,53,70,77,71,65,High,Medium,Left,3,3,M
224258,Kristoffer Ajer,Norway,Brentford,Premier League,CB,25,196,94,75,66,56,61,70,74,81,High,High,Right,3,3,M
211117,Dele Alli,England,Everton,Premier League,CM,27,188,80,75,65,76,75,76,65,71,Medium,Medium,Right,4,3,M
244621,Vinícius,Brazil,Fulham,Premier League,ST,28,190,83,75,71,76,61,72,41,79,High,Medium,Left,3,3,M
235456,Jean-Ricner Bellegarde,France,Wolves,Premier League,CM,25,172,70,75,77,62,72,77,70,72,Medium,Medium,Right,3,3,M
228092,Sander Berge,Norway,Burnley,Premier League,CM,25,195,96,75,63,65,73,73,74,85,Medium,Medium,Right,3,3,M
242660,Jordan Beyer,Germany,Burnley,Premier League,CB,23,187,80,75,74,34,62,70,75,75,High,Medium,Right,2,3,M
256268,Armando Broja,Albania,Chelsea,Premier League,ST,22,191,75,75,74,74,54,75,30,76,Medium,Low,Right,3,3,M
220659,Josh Brownhill,England,Burnley,Premier League,CM,28,180,69,75,69,70,72,74,75,77,Medium,High,Right,3,3,M
180216,Séamus Coleman,Republic of Ireland,Everton,Premier League,RB,35,177,77,75,61,65,72,74,76,70,High,Medium,Right,3,3,M
212501,Leander Dendoncker,Belgium,Aston Villa,Premier League,CM,28,188,88,75,61,69,75,70,76,80,Medium,High,Right,2,4,M
201417,Matt Doherty,Republic of Ireland,Wolves,Premier League,RB,31,182,80,75,68,65,71,72,73,74,High,Medium,Right,3,4,M
233866,Odsonne Edouard,France,Crystal Palace,Premier League,ST,25,187,83,75,76,74,68,78,45,73,High,Medium,Right,4,4,M
213051,Mohamed Elneny,Egypt,Arsenal,Premier League,CDM,31,179,72,75,52,63,71,70,72,70,Medium,High,Right,3,3,M
193182,Wes Foderingham,England,Sheffield Utd,Premier League,GK,32,185,75,75,75,71,73,76,44,74,Medium,Medium,Left,1,3,M
268438,Alejandro Garnacho,Argentina,Manchester Utd,Premier League,LW,19,180,72,75,84,69,65,77,33,58,High,Medium,Right,3,4,M
225793,Ben Godfrey,England,Everton,Premier League,CB,25,183,79,75,82,44,60,65,74,78,Medium,High,Right,2,3,M
242964,Anthony Gordon,England,Newcastle Utd,Premier League,LW,22,183,72,75,88,69,72,75,37,62,High,Medium,Right,3,3,M
234741,Gustavo Hamer,Holland,Sheffield Utd,Premier League,CM,26,169,61,75,69,70,76,72,73,77,High,High,Right,3,3,M
240740,Callum Hudson-Odoi,England,Nott'm Forest,Premier League,LW,23,182,76,75,78,67,73,79,48,59,High,Medium,Right,4,3,M
260908,Milos Kerkez,Hungary,AFC Bournemouth,Premier League,LB,20,176,71,75,82,53,66,73,69,74,High,Medium,Left,3,3,M
186801,Cheikhou Kouyaté,Senegal,Nott'm Forest,Premier League,CDM,34,189,83,75,57,64,63,67,75,81,High,High,Right,3,3,M
242418,Tariq Lamptey,Ghana,Brighton,Premier League,RB,23,163,62,75,85,44,66,77,70,51,High,Medium,Right,2,3,M
203487,Jamaal Lascelles,England,Newcastle Utd,Premier League,CB,30,188,83,75,41,35,49,51,75,75,Low,Medium,Right,2,3,M
236461,Jean-Philippe Mateta,France,Crystal Palace,Premier League,ST,26,192,88,75,69,73,57,72,34,78,Medium,Medium,Right,3,4,M
246340,Mykhailo Mudryk,Ukraine,Chelsea,Premier League,LW,22,175,61,75,91,66,68,79,44,58,High,Medium,Right,4,4,M
233164,Arijanet Murić,Kosovo,Burnley,Premier League,GK,25,197,81,75,76,73,79,77,45,74,Medium,Medium,Right,1,2,M
244380,Vitaliy Mykolenko,Ukraine,Everton,Premier League,LB,24,180,71,75,76,45,64,61,73,62,Medium,Medium,Left,2,2,M
236988,Eddie Nketiah,England,Arsenal,Premier League,ST,24,180,73,75,79,73,57,77,25,64,High,Medium,Right,3,3,M
207557,Robin Olsen,Sweden,Aston Villa,Premier League,GK,33,198,89,75,75,74,78,75,35,75,Medium,Medium,Right,1,2,M
213135,Divock Origi,Belgium,Nott'm Forest,Premier League,ST,28,189,88,75,75,74,67,74,27,72,High,Medium,Right,4,4,M
225147,Connor Roberts,Wales,Burnley,Premier League,RB,28,175,76,75,78,61,71,72,69,74,High,Medium,Right,3,4,M
222951,Marek Rodák,Slovakia,Fulham,Premier League,GK,27,194,81,75,76,71,73,76,47,73,Medium,Medium,Right,1,3,M
235883,Ryan Sessegnon,England,Spurs,Premier League,LB,23,178,70,75,78,64,72,76,70,65,High,Medium,Left,4,3,M
225539,Dominic Solanke,England,AFC Bournemouth,Premier League,ST,26,187,80,75,72,74,64,73,28,79,High,Medium,Right,3,3,M
234777,Zack Steffen,United States,Manchester City,Premier League,GK,28,191,86,75,77,74,73,78,53,71,Medium,Medium,Right,1,3,M
237477,Marcus Tavernier,England,AFC Bournemouth,Premier League,LM,24,177,70,75,78,72,71,77,59,62,High,Medium,Left,3,3,M
207948,Bertrand Traoré,Burkina Faso,Aston Villa,Premier League,RM,28,181,73,75,76,72,72,81,45,62,Medium,Low,Left,4,1,M
269176,Alejo Veliz,Argentina,Spurs,Premier League,ST,20,187,77,75,71,74,54,70,25,73,High,Medium,Right,3,3,M
258498,Bart Verbruggen,Holland,Brighton,Premier League,GK,21,194,89,75,77,71,73,80,56,68,Medium,Medium,Right,1,3,M
220710,Harry Wilson,Wales,Fulham,Premier League,RM,26,173,70,75,73,77,75,76,43,58,High,Low,Left,3,2,M
192123,Chris Wood,New Zealand,Nott'm Forest,Premier League,ST,32,191,92,75,54,76,60,69,40,78,Medium,Medium,Right,2,3,M
235642,Ryan Yates,England,Nott'm Forest,Premier League,CDM,26,190,77,75,60,59,62,65,74,84,High,High,Right,2,3,M
262642,Zeki Amdouni,Switzerland,Burnley,Premier League,ST,23,185,79,74,72,74,69,76,46,70,Medium,Low,Right,3,4,M
197756,Jordan Ayew,Ghana,Crystal Palace,Premier League,RW,32,182,81,74,74,72,69,77,55,73,Medium,High,Right,4,3,M
199189,Ross Barkley,England,Luton Town,Premier League,CAM,30,186,76,74,67,72,73,75,56,70,Medium,Low,Right,4,5,M
241436,Calvin Bassey,Nigeria,Fulham,Premier League,CB,23,185,76,74,83,44,62,66,73,86,High,High,Left,2,3,M
220196,David Brooks,Wales,AFC Bournemouth,Premier League,RM,26,180,62,74,66,71,75,78,48,58,High,Medium,Left,4,3,M
195202,Tom Cairney,Scotland,Fulham,Premier League,CM,32,186,84,74,56,72,77,75,62,65,Medium,Low,Left,3,2,M
205989,Calum Chambers,England,Aston Villa,Premier League,CB,28,182,77,74,62,56,70,68,75,70,Medium,Medium,Right,2,3,M
213884,Ryan Christie,Scotland,AFC Bournemouth,Premier League,RM,28,178,71,74,77,71,72,75,65,75,High,High,Left,3,4,M
190456,Nathaniel Clyne,England,Crystal Palace,Premier League,RB,32,175,67,74,63,60,70,71,74,64,Medium,High,Right,3,2,M
262859,Levi Colwill,England,Chelsea,Premier League,CB,20,187,80,74,72,34,62,68,74,74,High,Medium,Left,2,3,M
224294,Lewis Cook,England,AFC Bournemouth,Premier League,CM,26,175,71,74,59,63,74,77,66,66,Medium,Medium,Right,3,4,M
254088,Amad Diallo,Côte d'Ivoire,Manchester Utd,Premier League,RW,21,173,67,74,85,71,63,79,25,51,High,Medium,Left,4,4,M
204936,John Egan,Republic of Ireland,Sheffield Utd,Premier League,CB,31,185,75,74,64,46,54,61,73,78,Low,Medium,Right,2,3,M
243608,Ryan Giles,England,Luton Town,Premier League,LWB,23,183,72,74,89,57,73,73,62,65,High,Medium,Left,3,2,M
258607,Toti Gomes,Portugal,Wolves,Premier League,CB,24,187,83,74,76,47,63,63,74,75,Medium,Medium,Left,2,3,M
241811,Sergio Gómez,Spain,Manchester City,Premier League,LB,23,171,68,74,69,70,75,77,69,65,High,Medium,Left,4,3,M
206516,Will Hughes,England,Crystal Palace,Premier League,CM,28,185,74,74,48,63,77,74,68,61,Medium,Medium,Left,4,3,M
241842,Ben Johnson,England,West Ham,Premier League,RB,23,180,69,74,75,38,62,67,73,71,High,Medium,Right,2,4,M
183491,Zanka,Denmark,Brentford,Premier League,CB,33,191,85,74,53,39,58,57,74,78,Medium,Medium,Right,2,2,M
265693,Jakub Kiwior,Poland,Arsenal,Premier League,CB,23,189,75,74,67,37,59,61,75,77,Medium,High,Left,2,3,M
262118,Tino Livramento,England,Newcastle Utd,Premier League,RB,21,181,71,74,78,47,65,73,71,62,High,Medium,Right,2,4,M
211363,Tom Lockyer,Wales,Luton Town,Premier League,CB,29,185,72,74,64,36,54,61,74,79,Medium,High,Right,2,4,M
248465,Ian Maatsen,Holland,Chelsea,Premier League,LB,21,168,57,74,83,58,68,75,68,64,High,Medium,Left,2,4,M
222724,Benson Manuel,Belgium,Burnley,Premier League,RM,26,166,70,74,87,70,69,78,35,63,High,Medium,Left,4,4,M
211784,Neal Maupay,France,Brentford,Premier League,ST,27,173,69,74,69,76,67,71,41,72,High,Medium,Right,3,3,M
239778,Jakub Moder,Poland,Brighton,Premier League,CM,24,188,78,74,64,70,74,72,69,72,Medium,Medium,Right,3,5,M
222994,Marvelous Nakamba,Zimbabwe,Luton Town,Premier League,CDM,29,178,71,74,59,49,62,71,74,75,Low,High,Left,3,2,M
231448,Reiss Nelson,England,Arsenal,Premier League,RW,24,175,71,74,86,66,69,78,36,55,High,Medium,Right,4,3,M
186143,Oliver Norwood,Northern Ireland,Sheffield Utd,Premier League,CDM,32,175,69,74,48,66,77,67,68,63,Medium,Medium,Right,2,3,M
269626,Đorđe Petrović,Serbia,Chelsea,Premier League,GK,24,194,88,74,73,73,70,75,31,71,Medium,Medium,Right,1,2,M
250954,Chris Richards,United States,Crystal Palace,Premier League,CB,23,188,87,74,71,27,58,55,74,71,Medium,Medium,Right,2,4,M
221269,Jaïro Riedewald,Holland,Crystal Palace,Premier League,CDM,27,182,79,74,58,56,74,69,73,68,Medium,Medium,Left,3,2,M
241928,Albert Sambi Lokonga,Belgium,Luton Town,Premier League,CDM,24,183,73,74,66,58,74,77,68,68,Medium,Medium,Right,3,3,M
235454,Malang Sarr,France,Chelsea,Premier League,CB,24,183,75,74,66,52,69,65,75,74,Medium,Medium,Left,2,2,M
190885,Adam Smith,England,AFC Bournemouth,Premier League,RB,32,180,78,74,64,60,70,70,73,71,Medium,Medium,Right,3,3,M
212151,Thomas Strakosha,Albania,Brentford,Premier League,GK,28,193,78,74,74,73,72,75,43,71,Medium,Medium,Right,1,2,M
186392,Joel Ward,England,Crystal Palace,Premier League,RB,34,188,83,74,51,52,68,66,77,70,Medium,High,Right,3,3,M
230708,Joe Worrall,England,Nott'm Forest,Premier League,CB,26,190,90,74,50,25,51,45,75,76,Medium,High,Right,2,2,M
260843,Anass Zaroury,Morocco,Burnley,Premier League,LM,23,178,68,74,84,68,68,76,27,61,High,Medium,Right,4,5,M
240060,Max Aarons,England,AFC Bournemouth,Premier League,RB,23,171,69,73,81,42,62,73,69,74,High,Medium,Right,3,3,M
260779,Simon Adingra,Côte d'Ivoire,Brighton,Premier League,LM,21,175,65,73,85,69,66,77,29,51,High,Medium,Right,3,3,M
224656,Ola Aina,Nigeria,Nott'm Forest,Premier League,LB,27,184,82,73,81,60,66,73,67,74,Medium,Medium,Right,3,4,M
201118,Cédric,Portugal,Arsenal,Premier League,RB,32,172,67,73,65,61,70,74,73,62,High,Medium,Right,3,4,M
258930,Cameron Archer,England,Sheffield Utd,Premier League,ST,22,176,72,73,78,71,58,74,25,68,Medium,Medium,Right,3,4,M
184274,Chris Basham,England,Sheffield Utd,Premier League,CB,35,190,80,73,52,43,60,62,73,74,High,Medium,Right,2,2,M
198350,Daniel Bentley,England,Wolves,Premier League,GK,30,188,72,73,74,67,69,74,46,73,Medium,Medium,Right,1,3,M
244591,Jayden Bogle,England,Sheffield Utd,Premier League,RWB,23,178,69,73,81,55,67,73,68,68,High,Medium,Right,3,3,M
169706,Jack Cork,England,Burnley,Premier League,CDM,34,184,75,73,40,60,69,68,72,75,Medium,High,Right,3,4,M
231445,Josh Dasilva,England,Brentford,Premier League,CM,25,184,75,73,75,71,72,74,64,74,Medium,Medium,Left,3,3,M
204355,Paul Dummett,Wales,Newcastle Utd,Premier League,CB,32,183,82,73,54,40,63,66,75,67,Medium,Medium,Left,2,2,M
252316,Hjalmar Ekdal,Sweden,Burnley,Premier League,CB,25,188,76,73,64,33,52,63,73,75,High,Medium,Right,2,2,M
257470,Anthony Elanga,Sweden,Nott'm Forest,Premier League,RW,21,178,75,73,87,66,64,73,38,58,High,High,Right,3,3,M
259608,Evan Ferguson,Republic of Ireland,Brighton,Premier League,ST,19,188,75,73,72,72,58,70,21,70,Medium,Medium,Right,3,3,M
205346,Ryan Fredericks,England,AFC Bournemouth,Premier League,RB,31,181,74,73,90,49,64,70,68,67,High,Medium,Right,3,3,M
191076,Jóhann Berg Guðmundsson,Iceland,Burnley,Premier League,CAM,33,179,77,73,65,71,75,73,61,67,Medium,High,Left,4,4,M
170084,Wayne Hennessey,Wales,Nott'm Forest,Premier League,GK,36,198,90,73,73,74,75,70,40,74,Medium,Medium,Right,1,3,M
252042,João Pedro,Brazil,Brighton,Premier League,ST,22,182,70,73,77,70,62,76,25,60,High,Medium,Right,3,4,M
253052,Issa Kaboré,Burkina Faso,Luton Town,Premier League,RWB,22,180,72,73,87,39,63,72,65,74,High,Medium,Right,2,3,M
188400,Thomas Kaminski,Belgium,Luton Town,Premier League,GK,31,190,78,73,72,75,69,74,46,67,Medium,Medium,Right,1,3,M
240913,Caoimhin Kelleher,Republic of Ireland,Liverpool,Premier League,GK,25,188,74,73,72,71,74,76,43,70,Medium,Medium,Right,1,3,M
231512,Lloyd Kelly,England,AFC Bournemouth,Premier League,CB,25,190,76,73,70,40,62,68,73,75,Medium,Medium,Left,3,3,M
207650,Emil Krafth,Sweden,Newcastle Utd,Premier League,RB,29,184,83,73,61,58,68,70,75,67,Medium,Medium,Right,3,3,M
170597,Tim Krul,Holland,Luton Town,Premier League,GK,35,188,74,73,73,72,71,76,37,71,Medium,Medium,Left,1,2,M
227503,Jacob Bruun Larsen,Denmark,Burnley,Premier League,ST,25,183,77,73,83,72,69,73,55,66,Medium,Medium,Right,3,4,M
263620,Romeo Lavia,Belgium,Chelsea,Premier League,CDM,19,181,75,73,70,42,66,75,72,74,Medium,High,Right,3,3,M
271574,Rico Lewis,England,Manchester City,Premier League,RB,19,175,70,73,74,43,67,72,70,59,High,Medium,Right,3,3,M
225974,Scott McKenna,Scotland,Nott'm Forest,Premier League,CB,27,189,80,73,51,32,46,51,72,80,Medium,High,Left,2,3,M
216627,Kieffer Moore,Wales,AFC Bournemouth,Premier League,ST,31,196,83,73,65,70,56,66,46,80,Medium,Medium,Right,3,3,M
239529,Frank Onyeka,Nigeria,Brentford,Premier League,CDM,25,183,70,73,79,57,64,70,71,76,High,High,Right,3,3,M
198261,Tim Ream,United States,Fulham,Premier League,CB,36,185,80,73,52,44,69,68,76,70,Medium,Medium,Left,2,3,M
169792,Jay Rodriguez,England,Burnley,Premier League,ST,34,185,84,73,63,76,68,72,42,66,High,Medium,Right,3,4,M
252037,Fábio Silva,Portugal,Wolves,Premier League,ST,21,185,75,73,74,73,58,74,31,72,Medium,Medium,Right,4,3,M
204760,Charlie Taylor,England,Burnley,Premier League,CB,30,185,70,73,68,52,68,70,73,77,Medium,High,Left,3,2,M
254470,Luke Thomas,England,Sheffield Utd,Premier League,LB,22,177,68,73,75,42,64,69,71,69,High,High,Left,2,2,M
235755,Auston Trusty,United States,Sheffield Utd,Premier League,CB,25,191,85,73,79,47,56,62,71,82,High,High,Left,2,3,M
257084,Lesley Ugochukwu,France,Chelsea,Premier League,CM,19,191,88,73,66,59,69,73,72,76,Medium,Medium,Right,3,3,M
243057,Neco Williams,Wales,Nott'm Forest,Premier League,RB,22,183,72,73,74,46,67,72,69,63,High,High,Right,2,3,M
258781,Illia Zabarnyi,Ukraine,AFC Bournemouth,Premier League,CB,21,186,81,73,63,36,56,58,74,70,Medium,Medium,Right,2,2,M
229375,Elijah Adebayo,England,Luton Town,Premier League,ST,25,193,89,72,74,71,50,69,45,80,High,High,Right,3,3,M
263573,Ameen Al Dakhil,Belgium,Burnley,Premier League,CB,21,187,70,72,72,27,51,62,72,73,Medium,High,Right,2,3,M
254243,Elliot Anderson,Scotland,Newcastle Utd,Premier League,CM,21,179,70,72,73,65,70,77,63,73,High,Medium,Right,3,4,M
271975,Stefan Bajcetic,Spain,Liverpool,Premier League,CDM,19,185,70,72,69,52,66,72,69,65,Medium,High,Right,3,3,M
236723,Fodé Ballo-Touré,Senegal,Fulham,Premier League,LB,26,182,70,72,83,51,67,71,67,71,High,Medium,Left,3,2,M
247649,Jarrad Branthwaite,England,Everton,Premier League,CB,21,195,74,72,70,34,48,55,72,71,Medium,High,Left,2,5,M
261224,Hugo Bueno,Spain,Wolves,Premier League,LB,21,180,73,72,77,53,71,77,65,65,High,Medium,Left,3,3,M
270866,Youssef Chermiti,Portugal,Everton,Premier League,ST,19,192,81,72,70,69,55,68,33,72,High,Medium,Right,2,3,M
237440,Hannes Delcroix,Belgium,Burnley,Premier League,CB,24,183,78,72,70,33,61,62,72,70,Medium,Medium,Left,2,2,M
252483,Alfie Doughty,England,Luton Town,Premier League,LWB,24,183,68,72,83,49,65,69,63,65,High,Medium,Left,2,3,M
243657,James Garner,England,Everton,Premier League,CDM,22,182,80,72,66,63,72,68,68,70,High,High,Right,3,3,M
245992,Billy Gilmour,Scotland,Brighton,Premier League,CDM,22,170,66,72,60,55,70,73,67,55,Medium,Medium,Right,3,3,M
210635,Kortney Hause,England,Aston Villa,Premier League,CB,28,191,77,72,59,44,58,58,71,74,Low,Medium,Left,2,2,M
163264,Tom Heaton,England,Manchester Utd,Premier League,GK,37,188,85,72,71,71,70,73,47,74,Medium,Medium,Right,1,3,M
219736,Ethan Horvath,United States,Nott'm Forest,Premier League,GK,28,193,83,72,78,66,63,76,48,64,Medium,Medium,Right,1,3,M
203775,Loris Karius,Germany,Newcastle Utd,Premier League,GK,30,189,87,72,75,66,72,75,55,70,Medium,Medium,Right,1,3,M
243606,Keane Lewis-Potter,England,Brentford,Premier League,LW,22,170,67,72,77,67,64,75,36,62,High,Medium,Right,3,4,M
212100,Max Lowe,England,Sheffield Utd,Premier League,LWB,26,175,74,72,80,46,63,73,69,67,Medium,Medium,Left,3,3,M
210972,Manquillo,Spain,Newcastle Utd,Premier League,RB,29,178,76,72,63,45,63,71,73,61,Medium,Medium,Right,3,3,M
220031,Oli McBurnie,Scotland,Sheffield Utd,Premier League,ST,27,191,77,72,54,71,58,68,33,78,Medium,Medium,Right,3,3,M
213152,Carlton Morris,England,Luton Town,Premier League,ST,28,185,85,72,75,71,55,67,32,75,High,Medium,Right,3,4,M
235405,Dara O'Shea,Republic of Ireland,Burnley,Premier League,CB,24,188,74,72,61,33,55,57,73,74,Medium,Medium,Right,2,3,M
265552,Dango Ouattara,Burkina Faso,AFC Bournemouth,Premier League,RM,21,177,71,72,83,68,63,75,43,57,High,Medium,Left,4,5,M
257896,Nathan Patterson,Scotland,Everton,Premier League,RB,22,183,80,72,77,46,61,69,70,71,High,Medium,Right,2,3,M
234102,Ionuț Andrei Radu,Romania,AFC Bournemouth,Premier League,GK,26,188,78,72,76,68,70,76,40,70,Medium,Medium,Right,1,2,M
169697,Darren Randolph,Republic of Ireland,AFC Bournemouth,Premier League,GK,36,188,78,72,74,70,66,73,42,70,Medium,Medium,Right,1,3,M
186395,Matt Ritchie,Scotland,Newcastle Utd,Premier League,LM,34,172,76,72,58,71,74,74,67,62,High,Medium,Left,3,4,M
199027,Jack Robinson,England,Sheffield Utd,Premier League,CB,30,180,67,72,69,41,60,61,72,74,Medium,Medium,Left,2,3,M
194911,Adrián,Spain,Liverpool,Premier League,GK,36,190,80,72,72,70,67,73,43,69,Medium,Medium,Right,1,2,M
259868,Pape Matar Sarr,Senegal,Spurs,Premier League,CM,21,184,70,72,67,63,68,73,67,66,Medium,Medium,Right,2,3,M
260926,Kevin Schade,Germany,Brentford,Premier League,RW,22,185,74,72,94,64,59,72,29,64,High,Medium,Right,3,3,M
261299,Alex Scott,England,AFC Bournemouth,Premier League,CM,20,178,68,72,74,62,71,76,63,68,High,Medium,Right,3,3,M
173546,James Tomkins,England,Crystal Palace,Premier League,CB,34,192,74,72,33,32,56,49,74,65,Low,Medium,Right,2,3,M
228419,Mads Juel Andersen,Denmark,Luton Town,Premier League,CB,26,194,82,71,47,34,45,50,70,82,Medium,Medium,Right,2,4,M
200855,George Baldock,Greece,Sheffield Utd,Premier League,RWB,30,175,67,71,75,47,63,69,66,72,High,Medium,Right,3,3,M
207804,Amari'i Bell,Jamaica,Luton Town,Premier League,LWB,29,180,76,71,77,50,60,67,69,71,High,Medium,Left,3,3,M
233510,Tahith Chong,Holland,Luton Town,Premier League,RM,24,185,75,71,81,63,67,71,50,63,High,High,Left,4,3,M
202464,Jordan Clark,England,Luton Town,Premier League,CM,30,176,73,71,71,63,71,73,64,66,High,Medium,Right,3,4,M
244661,Vitinho,Brazil,Burnley,Premier League,RB,24,175,73,71,83,45,64,73,65,67,High,Medium,Right,3,4,M
189177,John Fleck,Scotland,Sheffield Utd,Premier League,CM,32,170,72,71,62,69,73,73,66,71,Medium,High,Left,3,2,M
233201,Chris Mepham,Wales,AFC Bournemouth,Premier League,CB,26,190,75,71,56,37,55,60,72,72,Low,Medium,Right,2,3,M
207956,Pelly-Ruddock Mpanzu,Congo DR,Luton Town,Premier League,CM,29,175,74,71,79,63,66,73,69,82,Medium,High,Right,3,3,M
210985,Ben Osborn,England,Sheffield Utd,Premier League,LWB,29,176,75,71,71,65,70,72,64,61,High,Medium,Left,3,3,M
253283,Facundo Pellistri,Uruguay,Manchester Utd,Premier League,RW,22,175,65,71,81,64,65,75,32,63,High,Medium,Right,3,3,M
264035,Jesurun Rak-Sakyi,England,Crystal Palace,Premier League,RW,21,178,73,71,84,66,63,75,24,53,High,Medium,Left,3,4,M
238157,Mads Roerslev,Denmark,Brentford,Premier League,RWB,24,184,67,71,69,45,65,67,65,69,Medium,Medium,Right,3,3,M
213693,Joe Rothwell,England,AFC Bournemouth,Premier League,CM,28,183,77,71,77,66,70,75,61,66,High,Medium,Right,3,4,M
188836,Jason Steele,England,Brighton,Premier League,GK,33,188,79,71,70,69,75,71,39,72,Medium,Medium,Right,1,3,M
206086,Harry Toffolo,England,Nott'm Forest,Premier League,LB,28,183,71,71,73,52,63,65,66,70,High,Medium,Left,3,2,M
263063,James Trafford,England,Burnley,Premier League,GK,21,192,90,71,70,69,69,73,27,70,Medium,Medium,Right,1,2,M
258908,Jan Paul van Hecke,Holland,Brighton,Premier League,CB,23,185,78,71,57,45,56,61,72,72,Medium,Medium,Right,2,3,M
259205,Naouirou Ahamada,France,Crystal Palace,Premier League,CM,21,183,73,70,66,61,65,75,61,62,High,Medium,Right,2,3,M
240697,Shandon Baptiste,Grenada,Brentford,Premier League,CM,25,175,67,70,70,58,67,75,68,69,Medium,Medium,Right,3,4,M
204246,Marcus Bettinelli,England,Chelsea,Premier League,GK,31,193,82,70,71,68,72,72,30,71,Medium,Medium,Right,1,3,M
246679,Giulian Biancone,France,Nott'm Forest,Premier League,CB,23,187,79,70,64,45,62,65,69,72,High,Medium,Right,3,4,M
221456,Reece Burke,England,Luton Town,Premier League,CB,27,189,81,70,67,36,54,61,71,71,Medium,Medium,Right,2,3,M
200715,Adam Davies,Wales,Sheffield Utd,Premier League,GK,31,185,80,70,71,67,66,71,40,70,Medium,Medium,Right,1,3,M
255434,Julio César Enciso,Paraguay,Brighton,Premier League,LM,19,174,64,70,76,70,64,74,32,48,High,Medium,Right,3,3,M
210644,Emiliano Marcondes,Denmark,AFC Bournemouth,Premier League,CAM,28,182,75,70,72,68,68,71,42,65,High,Medium,Right,3,3,M
264349,James McAtee,England,Sheffield Utd,Premier League,CAM,21,180,72,70,72,63,66,73,41,60,High,Medium,Left,3,3,M
273018,Andrey Santos,Brazil,Nott'm Forest,Premier League,CM,19,176,64,70,75,56,66,73,62,68,High,Medium,Right,3,3,M
231005,Chiedozie Ogbene,Republic of Ireland,Luton Town,Premier League,CF,26,181,75,70,91,65,63,71,57,74,High,Low,Right,3,4,M
261647,Andrew Omobamidele,Republic of Ireland,Nott'm Forest,Premier League,CB,21,190,78,70,73,27,49,57,70,75,Medium,High,Right,2,3,M
231185,Gabriel Osho,England,Luton Town,Premier League,CB,25,185,70,70,72,30,54,62,70,74,High,Medium,Right,2,3,M
266270,Aaron Ramsey,England,Burnley,Premier League,LM,20,181,73,70,73,63,67,72,50,60,High,Medium,Right,4,3,M
241236,Antoine Semenyo,Ghana,AFC Bournemouth,Premier League,ST,23,180,70,70,82,68,59,70,22,72,High,Medium,Right,3,4,M
272500,Carlos Baleba,Cameroon,Brighton,Premier League,CM,19,179,75,69,77,51,63,72,65,70,High,High,Left,2,2,M
264298,Conor Bradley,Northern Ireland,Liverpool,Premier League,RB,20,181,71,69,80,50,60,66,61,69,High,Medium,Right,2,3,M
236650,Jacob Brown,Scotland,Luton Town,Premier League,ST,25,184,72,69,75,69,62,69,48,72,High,High,Right,3,3,M
269495,Facundo Buonanotte,Argentina,Brighton,Premier League,RM,19,174,66,69,74,63,66,71,25,50,Medium,Medium,Left,3,3,M
251545,Darko Churlinov,North Macedonia,Burnley,Premier League,RM,23,180,73,69,82,66,62,72,51,56,Medium,Medium,Right,3,3,M
254120,Tommy Doyle,England,Wolves,Premier League,CM,22,179,72,69,65,65,70,70,60,67,High,High,Right,3,4,M
241173,Lyle Foster,South Africa,Burnley,Premier League,ST,23,185,70,69,81,68,57,67,35,70,High,High,Right,3,3,M
252302,Yasser Larouci,France,Sheffield Utd,Premier League,LWB,22,176,68,69,73,47,59,69,65,64,High,Medium,Left,2,2,M
264337,Rodrigo Muniz,Brazil,Fulham,Premier League,ST,22,185,79,69,70,69,55,67,33,71,Medium,Medium,Right,3,3,M
240773,Rhys Norrington-Davies,Wales,Sheffield Utd,Premier League,LWB,24,181,70,69,73,43,60,64,65,67,High,Medium,Left,2,2,M
242265,Michael Obafemi,Republic of Ireland,Burnley,Premier League,ST,23,169,71,69,81,68,56,70,23,64,High,Medium,Right,2,3,M
205887,Cauley Woodrow,England,Luton Town,Premier League,ST,29,184,74,69,66,71,59,68,30,69,Medium,Medium,Right,3,4,M
223085,Luke Berry,England,Luton Town,Premier League,CM,31,177,72,68,68,65,66,70,61,68,High,Medium,Right,3,3,M
238460,Rhian Brewster,England,Sheffield Utd,Premier League,ST,23,180,75,68,80,69,55,71,20,61,Medium,Medium,Right,3,3,M
258171,Hannibal Mejbri,Tunisia,Manchester Utd,Premier League,CM,20,182,70,68,73,60,69,69,62,71,High,Medium,Right,3,3,M
270579,Wilson Odobert,France,Burnley,Premier League,LW,19,182,75,68,73,62,58,70,28,40,Medium,Medium,Right,3,4,M
203357,Dan Potts,England,Luton Town,Premier League,CB,29,178,70,68,65,38,56,60,69,68,Medium,Medium,Left,2,3,M
252975,Boubacar Traoré,Mali,Wolves,Premier League,CDM,22,183,67,68,64,49,63,68,63,70,Medium,Medium,Right,2,2,M
241076,Steven Benda,Germany,Fulham,Premier League,GK,25,193,83,67,67,65,61,70,37,66,Medium,Medium,Right,1,3,M
246946,Ismaila Coulibaly,Mali,Sheffield Utd,Premier League,CM,23,183,68,67,77,63,62,70,62,67,High,High,Right,4,4,M
240863,Conor Coventry,Republic of Ireland,West Ham,Premier League,CDM,23,175,68,67,64,53,67,68,64,65,Medium,Medium,Right,2,3,M
268131,CJ Egan-Riley,England,Burnley,Premier League,RB,20,183,74,67,67,32,56,60,66,74,Low,High,Right,2,3,M
228997,Charlie Goode,England,Brentford,Premier League,CB,28,196,75,67,55,32,49,55,66,74,Medium,Medium,Right,2,2,M
266609,Tim Iroegbunam,England,Aston Villa,Premier League,CDM,20,183,70,67,66,57,63,66,62,70,Medium,Low,Right,3,4,M
253465,Teden Mengi,England,Luton Town,Premier League,CB,21,183,78,67,79,39,54,57,65,69,Medium,High,Right,2,3,M
253715,Darío Sarmiento,Argentina,Manchester City,Premier League,RW,20,166,64,67,77,62,61,74,39,42,High,Medium,Left,3,3,M
193013,James Shea,England,Luton Town,Premier League,GK,32,181,76,67,67,65,60,67,27,67,Medium,Medium,Right,1,2,M
255210,Anis Slimane,Tunisia,Sheffield Utd,Premier League,CM,22,188,80,67,66,59,62,69,58,77,Medium,Low,Right,4,4,M
260651,Bénie Traore,Côte d'Ivoire,Sheffield Utd,Premier League,ST,21,172,64,67,86,65,54,73,32,63,High,Medium,Right,3,3,M
267611,Malcolm Ebiowei,England,Crystal Palace,Premier League,RW,20,185,80,66,78,63,60,70,38,54,Medium,Medium,Left,3,3,M
242752,Nathan Ferguson,England,Crystal Palace,Premier League,LB,23,178,76,66,57,36,55,65,68,63,Medium,High,Right,2,3,M
198039,Mark Gillespie,England,Newcastle Utd,Premier League,GK,31,192,83,66,66,64,63,69,34,65,Medium,Medium,Right,1,3,M
266127,Lewis Hall,England,Newcastle Utd,Premier League,LB,19,179,71,66,66,54,65,68,63,56,Medium,High,Left,2,3,M
262227,Daniel Jebbison,England,Sheffield Utd,Premier League,ST,20,190,78,66,82,64,50,63,30,72,Medium,Medium,Right,2,2,M
266041,Luca Warrick Koleosho,Italy,Burnley,Premier League,LM,19,175,67,66,85,59,55,73,30,47,High,Medium,Right,3,4,M
237704,João Virgínia,Portugal,Everton,Premier League,GK,24,192,84,66,68,65,65,69,52,62,Medium,Medium,Left,1,3,M
257534,Cole Palmer,England,Chelsea,Premier League,CAM,21,189,74,66,74,66,62,70,46,57,Medium,Medium,Left,4,3,M
157804,Scott Carson,England,Manchester City,Premier League,GK,38,190,86,65,63,65,62,63,35,69,Medium,Medium,Right,1,3,M
259356,Carney Chukwuemeka,England,Chelsea,Premier League,CM,20,187,70,65,64,59,64,69,50,58,Medium,Medium,Right,4,4,M
247172,Jhon Durán,Colombia,Aston Villa,Premier League,ST,20,187,70,65,78,65,48,65,25,71,Medium,Medium,Left,2,2,M
262981,Lewis Fiorini,Scotland,Manchester City,Premier League,CM,21,178,68,65,68,60,61,68,56,61,High,Medium,Right,3,3,M
243767,Gavin Kilkenny,Republic of Ireland,AFC Bournemouth,Premier League,CDM,23,170,64,65,61,53,64,67,60,55,Medium,Medium,Right,2,3,M
213413,Lawrence Vigouroux,Chile,Burnley,Premier League,GK,30,194,77,65,65,64,63,65,46,63,Medium,Medium,Left,1,2,M
244191,Joseph Anang,England,West Ham,Premier League,GK,23,190,72,64,64,62,63,63,33,64,Medium,Medium,Right,1,2,M
236568,Brandon Austin,England,Spurs,Premier League,GK,24,188,75,64,69,63,55,62,41,64,Medium,Medium,Right,1,2,M
277295,Oscar Bobb,Norway,Manchester City,Premier League,RW,20,174,73,64,80,59,59,68,31,40,Medium,Medium,Left,4,3,M
240175,Bruno Jordão,Portugal,Wolves,Premier League,CM,25,180,73,64,65,56,63,68,52,61,Medium,Medium,Right,3,3,M
225650,Tom King,Wales,Wolves,Premier League,GK,28,194,80,64,64,63,61,64,42,63,Medium,Medium,Right,1,3,M
203824,Remi Matthews,England,Crystal Palace,Premier League,GK,29,192,78,64,65,62,63,64,45,63,Medium,Medium,Right,1,3,M
256556,Ben Chrisene,England,Aston Villa,Premier League,LWB,19,183,80,63,67,50,58,63,56,59,High,Medium,Left,3,3,M
264039,Lewis Dobbin,England,Everton,Premier League,LM,20,181,71,63,80,61,54,66,25,51,Medium,Low,Right,3,2,M
247764,Kyle John,England,Everton,Premier League,RB,22,176,68,63,60,43,56,64,61,57,Medium,Medium,Right,2,2,M
274246,Lewis Miley,England,Newcastle Utd,Premier League,CM,17,189,68,63,61,58,63,67,53,52,High,Medium,Right,3,4,M
270680,Adrion Pajaziti,Albania,Fulham,Premier League,CDM,21,178,71,63,64,54,59,61,59,65,Medium,Medium,Left,2,4,M
263582,Myles Peart-Harris,England,Brentford,Premier League,CM,21,187,70,63,63,61,63,63,52,68,Medium,Low,Right,2,3,M
271976,Luke Chambers,England,Liverpool,Premier League,LB,19,185,74,62,66,36,54,60,60,55,Medium,Medium,Left,2,2,M
266815,Ben Doak,Scotland,Liverpool,Premier League,RW,18,176,64,62,81,52,51,68,27,47,High,Medium,Right,3,3,M
241825,Tyrese Francois,Australia,Fulham,Premier League,CM,23,173,65,62,67,44,58,67,58,55,Medium,High,Left,3,4,M
260406,Kaide Gordon,England,Liverpool,Premier League,RW,19,173,65,62,69,57,54,65,25,45,High,Medium,Left,3,3,M
267844,Kim Ji Soo,Korea Republic,Brentford,Premier League,CB,19,192,73,62,51,24,43,34,62,69,Medium,High,Right,2,4,M
269136,Kobbie Mainoo,England,Manchester Utd,Premier League,CDM,18,175,80,62,74,55,57,66,58,67,High,High,Right,3,2,M
261621,Luke Mbete,England,Manchester City,Premier League,CB,20,185,78,62,70,32,48,58,59,71,Medium,High,Left,2,3,M
270617,Alex Murphy,Republic of Ireland,Newcastle Utd,Premier League,CB,19,188,76,62,56,34,53,54,62,65,High,Medium,Left,2,4,M
273651,Jarell Quansah,England,Liverpool,Premier League,CB,20,190,80,62,63,29,47,48,60,69,Medium,Medium,Right,2,2,M
260910,Shola Shoretire,England,Manchester Utd,Premier League,CAM,19,175,70,62,73,54,57,67,37,54,Medium,Medium,Right,3,4,M
268445,Rhys Bennett,England,Manchester Utd,Premier League,CB,20,187,74,61,59,37,48,53,59,66,Medium,High,Right,2,3,M
258724,Ethan Brierley,England,Brentford,Premier League,CM,20,173,71,61,71,46,59,63,53,55,Medium,Medium,Right,2,2,M
261892,Denis Franchi,Italy,Burnley,Premier League,GK,21,189,81,61,62,60,59,65,37,59,Medium,Medium,Right,1,2,M
270937,Luke Harris,Wales,Fulham,Premier League,CAM,18,168,63,61,58,60,57,67,37,44,Medium,Medium,Right,3,3,M
261032,Joe Hodge,Republic of Ireland,Wolves,Premier League,CM,21,172,65,61,64,48,60,61,58,58,Medium,Medium,Right,2,2,M
253428,Vítězslav Jaroš,Czech Republic,Liverpool,Premier League,GK,22,190,74,61,63,60,61,62,39,59,Medium,Medium,Right,1,3,M
264192,Nathan Moriah-Welsh,Guyana,AFC Bournemouth,Premier League,CM,21,172,70,61,70,54,59,66,53,63,High,High,Right,2,3,M
261265,Lewis Richardson,England,Burnley,Premier League,ST,20,179,70,61,66,60,47,63,26,53,Medium,Medium,Right,2,3,M
274387,Reuell Walters,England,Arsenal,Premier League,RB,19,183,65,61,65,30,40,52,65,59,Medium,Medium,Right,2,3,M
264115,Dylan Williams,England,Chelsea,Premier League,LB,20,177,64,61,66,36,51,60,55,48,High,Medium,Left,2,2,M
262637,Nathan Young-Coombes,England,Brentford,Premier League,ST,20,175,64,61,68,62,53,61,20,54,Medium,Low,Right,2,3,M
236663,Ellery Balcombe,England,Brentford,Premier League,GK,24,190,92,60,61,58,59,62,39,57,Medium,Medium,Right,1,3,M
260192,Antwoine Hackford,England,Sheffield Utd,Premier League,ST,19,177,68,60,86,59,38,60,18,53,Medium,Medium,Right,2,3,M
277283,Jack Hinshelwood,England,Brighton,Premier League,CDM,18,178,71,60,60,58,62,59,57,59,Medium,Medium,Right,3,4,M
263955,Ben Knight,England,Manchester City,Premier League,RW,21,170,59,60,67,57,52,68,28,38,Medium,Medium,Left,3,3,M
271173,Michael Olakigbe,England,Brentford,Premier League,LW,19,180,73,60,76,59,46,63,33,59,High,Medium,Right,3,3,M
263168,Tyler Onyango,England,Everton,Premier League,CM,20,196,75,60,57,45,57,56,53,75,High,Medium,Right,2,3,M
270519,William Osula,Denmark,Sheffield Utd,Premier League,ST,20,192,81,60,73,60,47,63,22,61,High,Low,Right,2,4,M
264731,Ashley Phillips,England,Spurs,Premier League,CB,18,191,74,60,67,26,49,44,60,65,Medium,High,Right,2,3,M
264196,Femi Seriki,England,Sheffield Utd,Premier League,RWB,21,183,78,60,87,28,45,59,53,64,High,Medium,Right,3,2,M
264580,Daniel Chesters,England,West Ham,Premier League,RM,21,177,68,59,66,47,56,63,32,48,Medium,Medium,Right,3,3,M
271743,Amario Cozier-Duberry,England,Arsenal,Premier League,LW,18,170,60,59,67,55,53,61,28,50,Medium,Medium,Left,4,2,M
274377,Enso González,Paraguay,Wolves,Premier League,RM,18,175,70,59,70,48,56,63,35,46,High,Low,Left,4,3,M
270936,Connor McAvoy,Scotland,Fulham,Premier League,CB,21,186,77,59,56,29,38,37,61,60,Medium,Medium,Right,2,4,M
267476,Tayo Adaramola,Republic of Ireland,Crystal Palace,Premier League,LB,20,177,69,58,68,49,50,56,53,52,High,Medium,Left,2,3,M
277434,Mackenzie Hunt,England,Everton,Premier League,LM,22,176,73,58,66,49,56,57,53,59,Medium,Medium,Left,2,2,M
118794,Andy Lonergan,England,Everton,Premier League,GK,40,192,87,58,56,61,47,54,40,62,Medium,Medium,Left,1,1,M
243588,Tom McGill,Canada,Brighton,Premier League,GK,23,185,80,58,60,58,61,60,19,58,Medium,Medium,Right,1,2,M
263411,Jamie Mullins,Republic of Ireland,Brighton,Premier League,CAM,19,171,60,58,57,54,51,64,28,40,Medium,Low,Right,3,3,M
271939,Stefan Parkes,England,Fulham,Premier League,LB,19,182,78,58,59,35,45,53,58,62,Medium,Medium,Left,2,2,M
258792,George Wickens,England,Fulham,Premier League,GK,22,194,81,58,58,57,62,61,30,55,Medium,Medium,Right,1,2,M
258748,Caleb Chukwuemeka,England,Aston Villa,Premier League,LW,21,190,70,57,82,53,47,58,17,61,Medium,Low,Right,3,4,M
271974,Bobby Clark,England,Liverpool,Premier League,CM,18,178,67,57,64,52,58,61,44,52,Medium,Medium,Right,2,3,M
268550,Joshua Feeney,England,Aston Villa,Premier League,CB,18,194,78,57,53,31,42,41,58,57,Medium,Medium,Right,2,3,M
268583,Filip Marschall,England,Aston Villa,Premier League,GK,20,195,87,57,58,55,60,59,20,55,Medium,Medium,Right,1,2,M
271227,Divin Mubama,England,West Ham,Premier League,ST,19,183,70,57,73,56,44,57,24,54,Medium,Medium,Left,2,3,M
270679,Ollie O'Neill,Republic of Ireland,Fulham,Premier League,CAM,20,185,73,57,66,49,59,57,46,51,Medium,Medium,Right,2,3,M
270683,Idris Odutayo,England,Fulham,Premier League,CB,21,189,79,57,65,31,41,39,57,62,Medium,Medium,Left,2,2,M
259430,Marcelo Pitaluga,Brazil,Liverpool,Premier League,GK,21,191,86,57,60,50,52,64,34,56,Medium,Medium,Right,1,1,M
264113,Jack Wells-Morrison,England,Crystal Palace,Premier League,CM,19,180,73,57,54,48,56,58,52,62,Medium,Medium,Left,3,3,M
271191,Joe Whitworth,England,Crystal Palace,Premier League,GK,19,183,70,57,58,57,56,61,24,49,Medium,Medium,Right,1,2,M
257793,Rico Richards,England,Aston Villa,Premier League,LM,20,178,68,56,68,49,51,59,26,45,Medium,Medium,Left,2,3,M
251423,George Shelvey,England,Nott'm Forest,Premier League,GK,22,188,77,56,60,57,58,57,24,53,Medium,Medium,Right,1,3,M
271064,Jordan Amissah,Germany,Sheffield Utd,Premier League,GK,22,198,97,55,58,55,58,51,23,53,Medium,Medium,Right,1,2,M
244809,Marcus Dewhurst,England,Sheffield Utd,Premier League,GK,22,189,70,55,55,54,58,56,32,53,Medium,Medium,Right,1,2,M
268605,Chris Donnell,Australia,Fulham,Premier League,CM,19,181,75,55,63,47,52,56,48,65,Medium,Medium,Right,2,3,M
250830,Imari Samuels,England,Brighton,Premier League,LB,20,187,73,55,60,27,44,55,52,55,Medium,Medium,Left,2,2,M
