Name,Nation,Club,League,Position,Age,Height,Weight,Overall,Pace,Shooting,Passing,Dribbling,Defending,Physicality,Acceleration,Sprint,Positioning,Finishing,Shot,Long,Volleys,Penalties,Vision,Crossing,Free,Curve,Agility,Balance,Reactions,Ball,Composure,Interceptions,Heading,Def,Standing,Sliding,Jumping,Stamina,Strength,Aggression,Att work rate,Def work rate,Preferred foot,Weak foot,Skill moves,ID,Gender,GK
Sam Kerr,Australia,Chelsea,Barclays WSL,ST,30,168,66,90,85,88,74,90,42,85,86,84,92,92,78,67,92,71,79,70,68,76,90,82,89,91,91,24,93,44,39,30,95,87,88,70,High,High,Right,4,4,227125,F,
Guro Reiten,Norway,Chelsea,Barclays WSL,LW,29,167,60,88,88,80,86,84,60,63,86,89,88,82,86,82,61,69,87,93,80,74,92,89,89,86,88,65,50,60,60,57,66,92,50,58,High,Medium,Left,3,4,227323,F,
Beth Mead,England,Arsenal,Barclays WSL,RW,28,163,58,87,81,84,84,90,67,73,80,81,87,85,85,74,73,68,87,88,88,81,72,84,89,90,82,73,68,61,69,68,83,81,84,31,High,High,Right,4,5,245802,F,
Mary Earps,England,Manchester Utd,Barclays WSL,GK,30,173,68,86,83,83,83,12,41,85,44,36,10,10,31,29,12,26,68,13,12,14,29,40,86,20,35,14,7,11,15,14,64,38,63,31,Medium,Medium,Right,3,1,247504,F,85
Lauren Hemp,England,Manchester City,Barclays WSL,LW,23,164,59,86,90,76,84,87,63,68,90,90,83,76,81,79,69,68,83,92,80,86,90,91,86,88,70,69,63,56,69,57,76,88,60,59,High,High,Left,3,4,257008,F,
Jill Roord,Holland,Manchester City,Barclays WSL,CAM,26,175,63,86,77,84,84,85,52,73,78,76,86,82,87,82,80,74,87,78,80,81,80,75,87,87,82,57,59,59,46,34,80,76,83,44,High,Medium,Right,4,4,240714,F,
Vivianne Miedema,Holland,Arsenal,Barclays WSL,ST,27,178,65,86,82,85,70,87,32,81,84,80,89,85,79,56,83,75,69,64,73,76,80,73,87,89,90,27,82,22,30,23,92,83,84,70,High,Medium,Right,4,4,233746,F,
Kim Little,Scotland,Arsenal,Barclays WSL,CM,33,162,57,86,76,78,83,88,62,66,79,74,89,74,89,80,82,78,86,78,65,77,85,88,89,91,84,74,56,38,75,74,67,92,53,65,High,Medium,Right,4,3,245872,F,
Ashley Lawrence,Canada,Chelsea,Barclays WSL,RB,28,164,60,86,86,67,82,78,82,78,86,86,73,58,84,81,66,67,82,85,70,78,86,87,86,78,83,80,73,84,86,81,84,86,72,80,High,Medium,Right,4,3,227392,F,
Millie Bright,England,Chelsea,Barclays WSL,CB,30,178,76,85,57,50,69,59,86,87,51,62,38,49,84,86,35,59,57,50,52,51,34,37,84,59,85,80,89,90,87,78,86,78,92,88,Low,High,Right,4,2,238257,F,
Kadeisha Buchanan,Canada,Chelsea,Barclays WSL,CB,28,170,65,85,67,44,58,61,87,85,66,68,46,34,75,71,43,45,47,31,56,51,63,63,78,68,81,85,81,91,86,87,88,79,90,80,Medium,Medium,Right,3,2,227383,F,
Rachel Daly,England,Aston Villa,Barclays WSL,ST,32,167,62,85,77,85,76,84,64,76,78,76,89,90,80,66,77,85,79,79,52,77,72,67,85,87,69,45,78,69,68,65,88,81,81,54,High,High,Right,3,3,235657,F,
Katie McCabe,Republic of Ireland,Arsenal,Barclays WSL,LB,28,164,55,85,80,74,80,78,81,82,81,79,79,76,84,79,69,74,68,87,75,78,84,85,80,80,84,81,74,86,79,78,83,92,73,94,High,Medium,Left,3,4,265239,F,
Khadija Shaw,Jamaica,Manchester City,Barclays WSL,ST,26,180,70,85,69,85,69,78,30,85,69,69,88,90,75,65,77,75,79,59,56,58,55,45,84,80,86,25,89,23,25,17,92,79,92,71,Medium,Medium,Right,4,3,246219,F,
Leah Williamson,England,Arsenal,Barclays WSL,CB,26,170,57,85,75,45,73,61,86,76,75,75,31,45,82,92,45,50,63,60,67,60,73,73,90,83,82,86,81,90,84,82,86,70,77,80,High,Medium,Right,3,3,246426,F,
Manuela Zinsberger,Austria,Arsenal,Barclays WSL,GK,28,177,67,85,86,77,79,11,46,86,48,42,11,18,23,15,12,52,69,31,24,19,46,62,81,36,56,10,6,20,13,16,71,22,78,26,Medium,Medium,Right,4,1,265242,F,87
Ann-Katrin Berger,Germany,Chelsea,Barclays WSL,GK,33,180,63,84,85,83,80,11,45,81,40,52,9,7,24,20,6,35,39,8,11,12,38,40,82,14,58,10,15,9,10,10,66,29,67,19,Medium,Medium,Right,3,1,258310,F,83
Catarina Macario,United States,Chelsea,Barclays WSL,CAM,24,165,58,84,81,83,80,90,57,73,82,80,80,83,81,74,74,76,83,79,82,90,84,84,78,92,86,59,72,53,59,47,83,79,71,70,High,Medium,Right,3,4,262330,F,
Caitlin Foord,Australia,Arsenal,Barclays WSL,LW,29,169,61,84,86,77,80,82,45,70,88,85,88,82,85,75,64,59,80,84,54,75,83,88,84,83,79,43,50,45,45,41,72,91,64,60,High,Medium,Right,3,3,227110,F,
Amanda Ilestedt,Sweden,Arsenal,Barclays WSL,CB,30,178,65,84,68,42,65,60,87,78,62,72,37,41,82,70,35,58,46,58,52,51,35,40,79,74,79,85,85,88,89,86,84,71,78,83,Medium,Medium,Right,3,2,226979,F,
Chloe Kelly,England,Manchester City,Barclays WSL,RW,25,168,58,84,88,77,85,85,43,67,88,88,84,74,84,84,71,65,86,89,81,86,85,83,83,86,81,50,50,44,38,38,76,75,75,35,High,High,Right,4,4,257001,F,
Fran Kirby,England,Chelsea,Barclays WSL,CAM,30,157,52,84,85,83,78,88,42,57,84,85,88,81,82,77,88,73,77,73,71,74,90,93,86,89,82,35,71,36,43,39,75,67,54,45,High,Medium,Right,4,4,227255,F,
Ashleigh Neville,England,Spurs,Barclays WSL,RB,30,171,64,84,77,70,77,80,85,84,77,77,80,74,81,76,68,59,68,79,69,78,68,74,79,76,81,85,83,86,85,83,91,81,84,86,High,High,Right,4,3,265252,F,
Alessia Russo,England,Arsenal,Barclays WSL,ST,24,173,64,84,82,82,68,86,39,72,81,82,85,86,78,54,77,64,69,64,52,64,81,73,80,83,84,34,89,29,37,35,93,72,79,49,Medium,Medium,Right,3,3,258980,F,
Hannah Blundell,England,Manchester Utd,Barclays WSL,LB,29,163,54,83,71,54,72,67,83,72,70,71,65,56,84,76,43,52,48,79,56,63,64,75,82,78,76,85,75,84,84,81,76,82,65,77,High,Medium,Right,4,2,247797,F,
Steph Catley,Australia,Arsenal,Barclays WSL,LB,29,171,60,83,85,66,80,75,78,76,83,86,70,70,86,76,60,52,67,84,75,82,82,74,80,82,80,82,75,80,77,74,85,83,75,66,High,High,Left,2,3,227119,F,
Erin Cuthbert,Scotland,Chelsea,Barclays WSL,CM,25,163,60,83,78,80,81,84,75,69,77,79,83,80,84,80,68,66,84,78,77,76,62,87,82,85,81,78,56,69,83,80,71,85,65,60,High,Medium,Right,3,4,245882,F,
Leah Galton,England,Manchester Utd,Barclays WSL,LM,29,170,61,83,73,82,82,84,60,79,72,73,86,82,86,78,76,62,84,83,67,76,65,65,86,85,84,61,68,56,62,60,82,81,85,62,High,Medium,Left,3,4,265275,F,
Alex Greenwood,England,Manchester City,Barclays WSL,CB,30,167,62,83,70,64,79,67,84,81,69,71,47,60,87,89,43,85,57,79,82,80,65,70,79,84,85,84,83,85,84,78,84,86,75,89,Medium,High,Left,3,2,227254,F,
Lauren James,England,Chelsea,Barclays WSL,RW,22,175,77,83,87,78,80,89,28,80,90,84,80,77,78,78,71,70,81,86,73,81,63,77,79,90,74,22,66,24,26,24,89,73,90,63,High,Low,Right,4,5,265249,F,
Ella Toone,England,Manchester Utd,Barclays WSL,CAM,24,163,57,83,81,79,77,92,51,65,83,80,86,80,83,70,75,59,82,76,56,70,67,84,83,82,82,45,69,41,57,56,78,84,64,38,High,Medium,Right,3,5,263011,F,
Lia Wälti,Switzerland,Arsenal,Barclays WSL,CDM,30,167,56,83,80,62,77,85,81,76,80,80,68,56,86,80,68,63,79,65,45,73,81,73,79,84,77,82,69,81,85,82,80,85,73,72,High,High,Right,4,3,265240,F,
Kenza Dali,France,Aston Villa,Barclays WSL,CM,32,165,61,82,72,79,82,89,68,71,76,68,83,79,84,80,68,68,84,78,83,79,75,84,81,85,80,77,57,69,72,49,75,81,73,51,High,Medium,Right,3,4,227353,F,
Bethany England,England,Spurs,Barclays WSL,ST,29,166,59,82,66,84,67,79,40,72,64,67,86,86,79,54,80,75,66,59,60,74,54,79,78,81,78,37,87,42,29,26,86,73,79,49,High,Low,Right,4,3,256489,F,
Yui Hasegawa,Japan,Manchester City,Barclays WSL,CDM,26,156,48,82,78,71,82,88,78,52,76,79,64,67,87,85,68,63,84,76,71,68,81,88,82,85,78,85,48,83,81,72,53,75,32,75,Medium,Medium,Right,4,4,245830,F,
Frida Maanum,Norway,Arsenal,Barclays WSL,CM,24,173,58,82,66,81,81,82,72,66,66,66,84,83,84,80,57,67,82,77,76,75,75,67,79,80,80,82,60,61,80,74,67,81,60,60,High,High,Right,3,3,239761,F,
Melvine Malard,France,Manchester Utd,Barclays WSL,LW,23,171,62,82,80,79,78,85,40,66,83,78,79,82,81,71,84,67,79,79,67,73,84,66,78,85,78,30,68,38,40,34,79,67,70,52,Medium,Medium,Right,4,3,258706,F,
Leila Ouahabi,Spain,Manchester City,Barclays WSL,LB,30,172,61,82,75,52,71,67,81,73,74,75,60,51,83,73,30,46,47,80,44,70,69,72,80,81,68,79,77,85,81,81,85,79,76,55,High,Medium,Left,3,3,233150,F,
Ève Périsset,France,Chelsea,Barclays WSL,RB,28,160,55,82,76,52,79,73,79,71,80,73,45,44,85,78,41,60,61,87,74,82,78,85,78,80,69,81,55,78,85,81,73,75,69,72,High,Medium,Right,3,3,236428,F,
Katie Zelem,England,Manchester Utd,Barclays WSL,CDM,27,163,53,82,69,78,82,78,79,78,68,69,63,79,84,82,68,86,86,75,80,87,66,72,77,85,84,76,76,82,79,77,80,86,73,79,Medium,Medium,Right,3,4,265273,F,
Stina Blackstenius,Sweden,Arsenal,Barclays WSL,ST,27,174,65,81,83,83,60,85,39,75,80,85,86,85,66,43,78,65,67,53,55,64,68,67,82,80,80,36,62,43,32,26,83,75,84,52,High,Medium,Right,4,4,233364,F,
Geyse,Brazil,Manchester Utd,Barclays WSL,ST,25,169,60,81,90,79,74,84,34,87,90,90,83,82,79,72,75,72,74,67,64,77,92,92,78,84,81,24,71,32,27,47,86,84,89,85,Medium,Medium,Right,3,4,248794,F,
Hayley Ladd,Wales,Manchester Utd,Barclays WSL,CDM,30,172,64,81,61,57,73,67,79,78,59,63,59,57,86,80,61,47,71,56,55,58,64,62,74,77,75,79,69,82,79,78,74,73,76,90,Medium,Medium,Right,3,3,265271,F,
Maya Le Tissier,England,Manchester Utd,Barclays WSL,CB,21,171,59,81,76,57,75,65,82,79,77,75,59,58,84,80,56,63,58,78,58,70,72,66,81,80,76,84,80,85,80,79,86,88,73,79,Medium,Medium,Right,3,3,265293,F,
Alisha Lehmann,Switzerland,Aston Villa,Barclays WSL,RW,24,165,55,81,78,76,74,86,57,67,79,77,83,75,75,56,68,78,81,81,69,74,82,57,82,83,71,47,39,54,68,67,61,82,57,74,High,Medium,Right,4,3,265311,F,
Melanie Leupolz,Germany,Chelsea,Barclays WSL,CDM,29,172,62,81,79,75,78,86,79,73,81,77,82,76,83,80,65,70,83,69,55,80,82,65,81,84,80,78,77,81,79,76,85,73,70,77,Medium,High,Right,3,3,226354,F,
Jordan Nobbs,England,Aston Villa,Barclays WSL,CM,31,160,52,81,75,77,81,83,67,64,79,72,82,77,86,80,73,66,82,74,69,83,80,85,79,85,81,69,50,69,72,55,67,77,59,58,High,Medium,Right,3,4,227257,F,
Mayumi Pacheco,England,Aston Villa,Barclays WSL,LB,25,164,55,81,79,51,75,81,78,77,77,80,63,46,82,73,48,68,61,82,69,70,87,61,78,76,63,79,69,82,76,76,76,89,66,90,Medium,Medium,Left,3,3,265319,F,
Nikita Parris,England,Manchester Utd,Barclays WSL,RM,29,162,54,81,88,74,77,83,44,65,90,87,81,73,79,66,63,76,83,77,68,71,86,83,83,81,70,45,43,41,49,39,68,74,61,63,High,Medium,Right,4,4,235659,F,
Viviane Asseyi,France,West Ham,Barclays WSL,ST,30,163,59,80,88,78,75,81,50,71,87,89,85,84,79,60,69,74,78,78,70,69,79,78,78,83,78,48,70,45,52,40,85,72,77,49,High,Medium,Right,3,3,227348,F,
Deyna Castellanos,Venezuela,Manchester City,Barclays WSL,CM,24,170,63,80,74,83,77,86,55,70,75,74,83,85,83,77,81,71,82,64,73,80,71,69,81,86,77,59,79,37,65,42,83,76,70,60,High,Medium,Right,4,5,268303,F,
Niamh Charles,England,Chelsea,Barclays WSL,RB,24,172,64,80,79,65,78,75,76,68,78,80,75,65,83,79,61,56,78,79,45,77,65,73,77,77,81,74,74,75,79,77,80,79,65,57,High,Medium,Right,5,3,263007,F,
Jessie Fleming,Canada,Chelsea,Barclays WSL,CM,25,164,54,80,82,77,77,82,68,54,86,79,79,80,84,81,43,67,78,69,65,65,84,93,78,81,82,69,58,66,74,62,64,78,43,50,Medium,Medium,Right,4,4,227387,F,
Lucía García,Spain,Manchester Utd,Barclays WSL,RM,25,165,56,80,89,80,71,83,33,63,88,89,84,80,78,56,79,68,73,72,58,64,78,76,74,83,81,29,72,39,22,17,84,69,69,34,High,Low,Right,4,4,242796,F,
Sophie Ingle,Wales,Chelsea,Barclays WSL,CDM,32,173,62,80,64,65,75,78,77,67,67,61,76,60,85,80,56,57,80,62,47,53,65,63,75,79,78,80,50,81,82,73,64,79,65,60,Medium,High,Right,4,3,265250,F,
Emma Koivisto,Finland,Liverpool,Barclays WSL,RWB,29,168,60,80,76,61,69,66,82,78,80,73,69,68,73,65,48,67,65,75,60,60,73,71,80,70,77,81,77,84,83,80,87,84,75,74,High,High,Right,4,3,265286,F,
Sjoeke Nüsken,Germany,Chelsea,Barclays WSL,CB,22,173,58,80,69,54,73,69,81,73,67,71,61,52,83,76,47,57,72,62,52,61,66,82,83,80,62,83,74,83,82,79,78,70,73,77,High,High,Right,3,2,262093,F,
Phallon Tullis-Joyce,United States,Manchester Utd,Barclays WSL,GK,27,185,61,80,80,74,75,12,44,81,44,45,13,11,24,28,9,18,31,12,15,12,53,58,78,17,32,8,12,12,15,13,65,26,65,17,Medium,Medium,Right,2,1,267212,F,82
Mackenzie Arnold,Australia,West Ham,Barclays WSL,GK,29,181,76,79,80,73,77,19,51,78,54,46,10,13,32,31,15,22,50,15,13,15,41,54,75,25,53,20,8,20,12,16,64,36,59,22,Medium,Medium,Right,2,1,227925,F,81
Molly Bartrip,England,Spurs,Barclays WSL,CB,27,164,58,79,69,53,69,58,81,77,70,68,54,50,81,80,41,70,51,60,70,65,70,75,79,79,78,81,82,85,78,77,82,86,70,80,Medium,High,Right,3,2,265262,F,
Nathalie Björn,Sweden,Everton,Barclays WSL,CB,26,174,67,79,76,40,71,58,80,78,76,76,52,35,82,79,35,43,55,68,56,65,66,75,78,70,79,81,79,82,78,79,88,77,78,79,Medium,High,Right,3,2,247461,F,
Dagný Brynjarsdóttir,Iceland,West Ham,Barclays WSL,CM,32,179,66,79,64,73,71,73,79,83,63,64,80,76,82,79,60,79,79,48,55,45,74,40,80,76,78,76,84,80,79,75,88,82,86,75,High,High,Right,3,3,265300,F,
Jelena Čanković,Serbia,Chelsea,Barclays WSL,CM,28,162,57,79,73,79,75,83,59,71,73,73,85,79,80,78,78,65,76,65,65,78,67,70,78,85,78,67,69,43,67,58,75,78,68,70,High,Medium,Left,3,4,271568,F,
Hawa Cissoko,France,West Ham,Barclays WSL,CB,26,171,56,79,53,32,60,41,78,79,54,52,37,28,82,79,38,49,46,36,40,29,41,68,77,69,64,74,83,80,78,79,82,64,80,93,Low,Medium,Right,3,2,241549,F,
Nicky Evrard,Belgium,Brighton,Barclays WSL,GK,28,174,72,79,79,79,75,16,42,75,40,44,9,9,32,28,9,17,39,13,12,16,39,43,73,19,35,12,12,10,13,14,55,37,48,27,Medium,Medium,Left,2,1,261794,F,80
Steph Houghton,England,Manchester City,Barclays WSL,CB,35,174,62,79,61,50,65,58,80,78,53,67,42,37,77,74,45,60,50,50,60,71,53,61,77,72,84,77,80,84,81,72,82,65,83,80,Medium,Medium,Right,3,2,226358,F,
Lina Hurtig,Sweden,Arsenal,Barclays WSL,LW,28,180,69,79,78,78,74,78,48,76,78,78,81,78,79,68,73,68,73,78,56,69,71,57,80,85,62,32,82,45,52,44,93,76,85,50,Medium,High,Right,4,4,227003,F,
Noëlle Maritz,Switzerland,Arsenal,Barclays WSL,RB,27,165,58,79,77,47,75,65,79,73,76,78,59,38,85,75,43,57,62,77,44,77,81,79,72,75,82,80,74,83,78,72,80,77,68,80,High,High,Right,4,3,265243,F,
Sarah Mayling,England,Aston Villa,Barclays WSL,RB,26,166,58,79,73,59,71,67,78,76,67,77,54,57,72,70,43,70,60,82,73,68,75,64,73,76,74,78,76,81,77,76,81,82,73,73,High,High,Right,3,3,265326,F,
Lena Petermann,Germany,Leicester City,Barclays WSL,ST,29,175,65,79,71,80,66,73,43,75,75,67,85,80,73,58,76,85,68,58,67,69,62,55,78,80,81,30,88,45,38,33,91,78,78,61,Medium,Medium,Right,3,4,227734,F,
Ellie Roebuck,England,Manchester City,Barclays WSL,GK,24,174,67,79,85,77,76,11,59,76,58,61,10,10,28,31,12,21,68,10,10,11,54,51,67,25,52,15,11,13,12,13,68,31,61,26,Medium,Medium,Right,3,1,247796,F,80
Ebony Salmon,England,Aston Villa,Barclays WSL,ST,22,163,58,79,88,79,75,73,41,67,89,88,79,81,78,70,74,78,66,83,71,79,83,79,74,78,70,34,79,37,38,38,91,64,74,45,Medium,Medium,Right,3,3,267328,F,
Risa Shimizu,Japan,West Ham,Barclays WSL,RB,27,160,47,79,81,53,71,67,78,58,79,82,45,58,76,68,45,50,62,80,53,70,79,82,74,72,63,76,70,80,79,77,68,75,45,65,High,Medium,Right,3,3,245826,F,
Katja Snoeijs,Holland,Everton,Barclays WSL,ST,27,172,63,79,79,81,66,81,43,69,78,80,84,84,74,66,76,73,66,57,56,64,72,57,72,83,79,38,73,41,41,31,81,82,70,48,Medium,Medium,Right,3,3,244059,F,
Kateřina Svitková,Czech Republic,Chelsea,Barclays WSL,CAM,27,167,60,79,77,76,76,86,71,69,75,79,76,76,77,72,70,66,75,79,69,86,78,72,79,84,65,75,73,68,73,67,77,80,63,68,High,Medium,Right,5,4,265304,F,
Lotte Wubben-Moy,England,Arsenal,Barclays WSL,CB,24,178,67,79,58,42,62,59,82,77,62,54,40,38,80,78,30,58,57,32,32,55,59,44,71,70,84,79,82,86,80,79,86,66,81,76,Low,Medium,Right,3,2,263013,F,
Shelina Zadorsky,Canada,Spurs,Barclays WSL,CB,31,172,67,79,71,48,70,55,80,78,68,73,25,41,83,85,34,60,46,58,71,67,57,61,78,77,81,80,79,82,80,76,82,83,75,79,Medium,High,Left,3,2,235594,F,
Pauline Bremer,Germany,Brighton,Barclays WSL,ST,27,170,65,78,75,75,68,75,36,77,74,76,79,78,76,51,73,61,68,70,60,57,71,74,79,77,66,35,81,24,34,33,90,82,81,58,Medium,Medium,Right,4,3,226355,F,
Jess Carter,England,Chelsea,Barclays WSL,CB,26,165,70,78,55,46,63,58,82,75,55,55,49,43,72,68,45,56,50,64,45,51,53,78,73,71,61,85,69,86,80,78,73,72,76,76,Medium,High,Right,3,2,265247,F,
Laura Coombs,England,Manchester City,Barclays WSL,CM,32,164,58,78,69,77,74,78,68,62,68,69,77,79,85,79,71,59,76,58,65,53,65,73,78,79,67,70,45,68,72,70,60,69,60,60,Medium,Medium,Right,3,4,265341,F,
Lisa Evans,Scotland,West Ham,Barclays WSL,RW,31,166,54,78,84,71,74,80,46,58,86,82,79,70,73,68,63,57,76,77,70,76,82,90,78,82,70,49,47,50,43,37,62,77,47,63,Medium,Medium,Right,3,4,265305,F,
Kirsty Hanson,Scotland,Aston Villa,Barclays WSL,LM,25,163,58,78,80,74,77,77,57,72,77,82,77,75,82,76,57,56,78,77,62,62,80,82,76,79,74,41,43,45,79,70,70,67,78,63,High,High,Right,5,4,265274,F,
Honoka Hayashi,Japan,West Ham,Barclays WSL,CM,25,157,54,78,78,70,78,79,62,56,78,78,77,63,79,78,64,68,83,73,65,75,75,80,79,85,72,63,57,59,65,62,60,74,41,68,High,Medium,Right,5,3,271739,F,
Lee Geum Min,Korea Republic,Brighton,Barclays WSL,ST,29,169,60,78,80,77,72,78,37,68,78,81,82,77,82,67,75,62,63,70,61,66,80,80,76,80,73,34,71,34,36,21,81,74,70,54,Medium,High,Right,3,3,246029,F,
Zećira Mušović,Sweden,Chelsea,Barclays WSL,GK,27,180,73,78,80,82,78,14,40,76,41,38,7,9,28,30,15,24,48,16,13,13,37,47,69,21,54,10,15,19,15,16,51,22,37,22,Medium,Medium,Right,2,1,243379,F,74
Aniek Nouwen,Holland,Chelsea,Barclays WSL,CB,24,175,70,78,55,50,57,50,78,82,55,55,40,40,73,79,38,56,42,38,55,25,54,45,69,69,73,76,76,79,79,78,84,62,91,82,Low,High,Right,3,2,246317,F,
Jess Park,England,Manchester City,Barclays WSL,RW,22,161,56,78,84,70,71,86,41,58,85,83,75,74,77,63,63,60,74,70,48,66,83,80,70,85,60,39,49,37,48,31,64,68,52,57,High,Medium,Right,3,4,265340,F,
Demi Stokes,England,Manchester City,Barclays WSL,LB,32,159,56,78,87,43,71,80,73,76,87,87,44,40,84,74,29,57,54,71,45,67,81,80,73,80,81,67,69,77,75,73,86,78,77,68,High,Medium,Left,3,4,227264,F,
Millie Turner,England,Manchester Utd,Barclays WSL,CB,27,170,62,78,59,50,63,58,78,77,56,61,48,49,83,80,35,56,50,35,48,60,50,65,76,70,74,77,73,80,79,76,79,65,82,78,Medium,Medium,Right,4,2,263012,F,
Shanice van de Sanden,Holland,Liverpool,Barclays WSL,RM,31,168,65,78,86,70,73,78,37,72,86,86,82,72,77,59,62,51,79,77,50,64,80,82,75,78,71,34,60,32,39,26,83,69,77,60,Medium,Low,Right,3,4,233752,F,
Laia Aleixandri,Spain,Manchester City,Barclays WSL,CB,23,170,55,77,74,28,58,32,78,73,70,78,22,25,75,63,22,38,31,59,42,37,64,70,75,71,57,77,76,77,79,79,82,67,74,75,Medium,High,Right,4,2,253435,F,
Filippa Angeldahl,Sweden,Manchester City,Barclays WSL,CM,26,170,63,77,75,66,75,80,67,67,75,75,75,67,84,76,52,57,77,60,64,68,59,66,77,81,76,70,53,69,69,63,69,72,67,58,Medium,Medium,Right,3,3,263964,F,
Luana Bühler,Switzerland,Spurs,Barclays WSL,CB,27,171,60,77,74,56,71,58,78,75,75,74,57,50,80,73,39,61,56,74,62,54,71,68,77,79,71,76,73,81,78,76,83,77,75,72,Low,High,Right,2,2,264998,F,
Rachel Corsie,Scotland,Aston Villa,Barclays WSL,CB,34,175,69,77,61,37,55,25,78,74,54,66,22,38,78,78,18,62,22,39,41,25,45,71,75,70,58,77,79,78,79,78,80,63,78,78,Low,Medium,Right,3,2,245875,F,
Aurora Galli,Italy,Everton,Barclays WSL,CM,27,168,56,77,74,72,74,76,66,61,76,72,80,72,83,77,56,56,76,60,60,73,85,85,72,79,73,69,34,69,72,69,55,79,54,58,High,Medium,Right,3,3,245443,F,
Gabrielle George,England,Manchester Utd,Barclays WSL,CB,26,171,70,77,53,57,68,64,76,81,53,53,50,56,74,73,38,49,57,72,44,69,46,50,72,74,78,86,76,79,69,68,82,66,87,84,Medium,Medium,Left,3,3,266551,F,
Irene Guerrero,Spain,Manchester Utd,Barclays WSL,CM,27,168,54,77,71,67,68,74,72,62,76,67,73,74,81,78,27,52,75,43,49,44,64,72,76,77,65,74,77,62,80,66,79,75,57,56,Medium,Medium,Right,3,3,254096,F,
Hannah Hampton,England,Chelsea,Barclays WSL,GK,23,175,64,77,76,76,75,19,60,76,61,58,7,8,31,35,11,24,45,22,18,27,35,47,72,24,38,11,9,12,13,14,62,25,50,25,Medium,Medium,Right,3,1,263009,F,76
Alanna Kennedy,Australia,Manchester City,Barclays WSL,CB,28,177,66,77,54,45,68,57,78,76,52,56,43,35,79,79,40,57,55,51,71,68,42,51,71,70,79,77,77,78,79,76,79,70,78,76,Medium,Medium,Right,4,2,227109,F,
Adriana Leon,Canada,Aston Villa,Barclays WSL,ST,31,161,54,77,81,76,66,80,35,64,79,82,80,76,76,56,78,59,66,59,65,51,79,77,73,80,73,32,68,32,33,26,78,70,69,40,High,Low,Right,3,4,227397,F,
Vicky Losada,Spain,Brighton,Barclays WSL,CM,32,168,61,77,67,72,73,76,65,68,66,67,78,72,82,75,65,60,80,51,69,72,76,75,75,80,79,62,53,62,73,64,69,68,75,50,Medium,Medium,Right,3,3,227201,F,
Maren Mjelde,Norway,Chelsea,Barclays WSL,RB,34,166,63,77,63,53,68,70,78,68,55,70,61,47,70,66,35,72,57,78,47,82,84,69,81,73,75,83,57,82,79,77,64,64,67,76,Medium,High,Right,3,3,227282,F,
Jennifer Beattie,Scotland,Arsenal,Barclays WSL,CB,32,177,67,76,53,41,55,50,77,79,51,55,52,30,73,70,42,55,33,42,46,38,38,46,70,67,59,78,72,79,76,73,80,63,89,76,High,Medium,Right,3,2,245873,F,
Hanna Bennison,Sweden,Everton,Barclays WSL,CAM,21,165,53,76,74,72,73,82,54,50,75,74,73,72,75,70,57,70,76,70,71,72,83,78,71,82,74,58,48,45,63,53,52,68,37,60,Medium,Medium,Right,3,4,263966,F,
Celin Bizet,Norway,Spurs,Barclays WSL,RM,22,167,56,76,84,70,70,78,37,66,85,83,72,72,75,60,62,63,70,76,47,63,81,81,69,77,71,36,31,37,41,30,64,67,67,65,Medium,High,Right,3,4,264896,F,
Kerstin Casparij,Holland,Manchester City,Barclays WSL,RB,23,169,57,76,76,56,70,74,74,60,76,76,57,63,79,70,43,47,58,75,47,66,74,68,71,74,60,76,59,73,79,75,69,64,58,60,Medium,Medium,Right,4,3,264875,F,
Sabrina D'Angelo,Canada,Arsenal,Barclays WSL,GK,30,173,69,76,74,76,75,14,46,74,44,48,10,10,19,24,10,14,33,14,12,14,34,45,77,16,60,13,14,15,12,14,67,28,71,19,Medium,Medium,Left,3,1,235593,F,76
Toni Duggan,England,Everton,Barclays WSL,ST,32,168,59,76,72,77,66,77,29,70,74,70,81,76,77,54,77,67,68,59,54,53,66,76,69,77,78,21,68,25,27,26,81,62,80,50,High,Low,Right,3,4,227252,F,
Gemma Evans,Wales,Manchester Utd,Barclays WSL,CB,27,170,59,76,42,47,61,58,79,75,32,50,54,41,73,72,42,47,56,40,52,52,53,67,73,67,77,81,77,80,78,77,70,78,74,77,Low,Medium,Left,3,2,265350,F,
Grace Fisk,England,Liverpool,Barclays WSL,CB,25,172,59,76,54,43,65,56,79,71,48,58,46,31,75,70,46,50,56,60,42,61,50,66,71,73,73,85,74,80,78,76,70,69,69,79,Medium,High,Right,3,2,265301,F,
Mary Fowler,Australia,Manchester City,Barclays WSL,CAM,20,170,66,76,76,74,69,81,46,62,77,75,77,76,72,67,59,59,74,64,56,69,72,77,72,80,74,35,59,38,57,41,74,66,68,38,High,Low,Left,5,3,248799,F,
Cloé Lacasse,Canada,Arsenal,Barclays WSL,LW,30,170,56,76,85,74,69,74,26,54,88,83,80,78,73,61,64,63,74,68,60,62,75,62,72,79,75,20,60,19,25,28,76,58,60,28,High,Low,Right,5,3,265571,F,
Jessica Naz,England,Spurs,Barclays WSL,ST,23,165,54,76,82,74,66,85,43,66,84,81,82,74,77,52,74,60,68,60,51,67,79,77,71,83,75,47,65,41,39,29,78,71,66,58,Medium,High,Right,4,3,265258,F,
Victoria Pelova,Holland,Arsenal,Barclays WSL,CAM,24,163,55,76,76,69,72,79,35,58,75,76,79,68,76,72,71,66,73,71,61,63,79,85,78,81,71,31,45,37,32,40,59,74,52,52,High,Medium,Right,4,4,244064,F,
Ria Percival,New Zealand,Spurs,Barclays WSL,CM,34,161,57,76,69,70,76,76,71,60,68,70,78,72,78,77,63,66,78,68,69,81,72,84,73,77,76,69,57,70,78,71,62,73,54,60,Medium,Medium,Right,3,4,265264,F,
Ramona Petzelberger,Germany,Spurs,Barclays WSL,LM,31,163,54,76,71,72,72,76,42,59,70,71,80,73,75,61,65,59,72,81,56,63,65,78,76,80,66,44,34,34,51,42,53,71,55,56,High,Low,Right,3,3,265323,F,
Becky Spencer,Jamaica,Spurs,Barclays WSL,GK,32,167,57,76,76,76,67,19,43,79,42,45,9,16,31,35,12,24,57,18,17,15,32,51,73,26,58,11,9,10,15,15,62,25,65,22,Medium,Medium,Right,2,1,265254,F,71
Eveliina Summanen,Finland,Spurs,Barclays WSL,CM,25,172,65,76,48,67,73,75,74,81,40,55,76,65,82,76,47,56,73,64,46,67,65,76,70,75,73,72,70,69,82,70,72,78,86,73,Medium,Medium,Right,3,3,266598,F,
Martha Thomas,Scotland,Spurs,Barclays WSL,ST,27,170,62,76,78,76,59,77,39,70,77,78,81,78,68,45,72,56,55,59,52,60,78,71,74,76,74,46,65,33,35,26,79,72,73,59,Medium,Medium,Right,3,3,265277,F,
Maria Thorisdottir,Norway,Brighton,Barclays WSL,CB,30,171,68,76,45,32,60,56,76,78,41,48,28,25,74,68,31,40,56,49,26,25,44,33,73,72,73,74,70,79,77,74,73,63,88,75,Low,Medium,Right,4,2,233330,F,
Danielle Turner,England,Aston Villa,Barclays WSL,CB,32,170,58,76,66,49,71,59,77,74,65,67,54,46,78,71,48,52,58,72,69,65,65,60,75,73,58,76,76,79,77,76,78,79,69,78,Medium,Medium,Left,3,2,265332,F,
Justine Vanhaevermaet,Belgium,Everton,Barclays WSL,CM,31,185,72,76,47,70,73,77,73,80,54,42,79,69,78,77,57,66,76,64,53,64,53,30,72,77,75,72,77,69,77,71,84,79,88,59,Medium,Medium,Right,4,3,261786,F,
Rachel Williams,England,Manchester Utd,Barclays WSL,ST,35,169,68,76,63,77,64,76,45,72,61,64,85,76,76,53,79,63,65,54,56,61,54,65,69,78,75,42,78,39,45,34,80,70,73,70,High,Medium,Right,3,3,265263,F,
Rosella Ayane,Morocco,Spurs,Barclays WSL,ST,27,180,60,75,69,75,67,77,38,67,69,69,83,75,69,58,74,72,60,75,64,73,81,78,77,78,78,37,70,36,35,26,73,74,66,59,Medium,Medium,Right,4,3,265265,F,
Janice Cayman,Belgium,Leicester City,Barclays WSL,RB,35,167,61,75,57,75,78,80,75,68,55,59,81,71,81,69,72,77,79,78,78,74,76,68,78,81,80,76,74,75,75,72,75,62,72,66,High,Medium,Right,4,3,261785,F,
Ceri Holland,Wales,Liverpool,Barclays WSL,CM,26,165,57,75,78,71,71,76,67,71,78,78,77,71,74,70,66,52,74,70,55,68,70,77,76,78,66,74,54,56,74,73,74,79,72,60,High,High,Right,3,3,266922,F,
Sophie Howard,Scotland,Leicester City,Barclays WSL,CB,30,175,59,75,54,39,60,42,76,68,53,54,42,26,77,65,28,50,40,57,47,40,51,73,71,68,59,79,78,76,75,72,77,52,72,77,Medium,Medium,Right,3,2,245877,F,
Johanna Kaneryd,Sweden,Chelsea,Barclays WSL,RW,26,163,58,75,82,69,69,83,48,64,80,84,67,71,72,59,61,62,72,72,56,71,70,69,70,81,65,35,50,56,50,44,68,76,60,58,Medium,Medium,Right,3,3,241491,F,
Emma Kullberg,Sweden,Brighton,Barclays WSL,CB,32,170,62,75,71,37,65,59,77,67,68,74,30,39,79,67,33,47,37,74,42,59,71,75,77,69,59,75,71,80,77,74,75,65,65,74,Medium,Medium,Right,4,2,258915,F,
Martina Piemonte,Italy,Everton,Barclays WSL,ST,26,178,67,75,70,77,57,69,35,71,71,69,79,83,64,55,67,66,58,48,45,54,60,61,72,70,64,21,77,26,41,27,88,70,82,40,High,Low,Right,3,3,227092,F,
Veatriki Sarri,Greece,Brighton,Barclays WSL,LM,25,167,59,75,76,70,72,76,67,65,77,76,76,71,75,66,64,60,75,70,67,69,71,67,70,76,62,70,41,69,71,64,63,75,66,50,Medium,Medium,Left,4,3,265217,F,
Kirsty Smith,Scotland,West Ham,Barclays WSL,LB,29,164,55,75,79,34,60,52,73,56,79,79,44,25,67,51,18,45,42,75,44,63,70,80,73,68,57,73,64,76,73,72,67,69,48,59,Medium,Medium,Right,3,3,245889,F,
Nicoline Sørensen,Denmark,Everton,Barclays WSL,RW,26,179,61,75,67,70,75,77,39,70,69,66,79,70,80,68,67,59,78,70,66,69,66,49,77,79,76,36,76,33,37,31,84,65,77,56,Medium,Low,Right,3,3,265335,F,
Abbey-Leigh Stringer,England,West Ham,Barclays WSL,CDM,28,183,74,75,46,66,68,74,72,83,62,33,64,69,77,75,56,56,70,52,53,53,39,35,69,75,74,70,65,69,78,72,80,68,90,86,Medium,Medium,Right,3,3,265297,F,
Katrine Veje,Denmark,Everton,Barclays WSL,LB,32,174,61,75,68,45,73,64,73,68,69,68,43,38,81,77,34,59,58,75,66,71,61,51,75,72,75,74,66,76,73,71,72,66,68,69,High,Medium,Left,3,2,271347,F,
Aileen Whelan,England,Leicester City,Barclays WSL,CAM,32,170,63,75,67,70,71,75,67,73,67,67,80,69,77,74,65,60,74,60,53,66,69,71,74,78,70,71,60,54,77,71,72,80,73,62,High,Medium,Right,3,3,265281,F,
Mia Fishel,United States,Chelsea,Barclays WSL,ST,22,170,67,74,75,75,65,73,23,67,75,75,70,77,68,57,75,71,74,57,60,65,69,56,69,75,76,15,80,19,17,15,91,68,83,22,Medium,Medium,Right,4,3,267300,F,
Madison Haley,United States,Brighton,Barclays WSL,ST,25,170,64,74,79,73,59,70,35,68,79,79,73,78,65,61,75,66,62,51,60,29,53,41,69,73,76,19,78,22,40,45,92,63,81,37,High,Medium,Right,3,3,276846,F,
Taylor Hinds,England,Liverpool,Barclays WSL,LWB,24,160,55,74,76,59,71,73,66,64,74,77,54,67,79,67,40,52,60,72,65,66,77,58,73,76,56,65,58,70,66,63,67,78,56,68,Medium,Medium,Left,4,3,266915,F,
Karen Holmgaard,Denmark,Everton,Barclays WSL,CDM,24,180,63,74,59,55,68,62,75,74,55,63,50,56,79,74,43,59,70,52,55,40,56,41,67,71,72,71,77,75,76,74,80,67,76,76,Medium,High,Right,3,2,265012,F,
Lize Kop,Holland,Leicester City,Barclays WSL,GK,25,173,64,74,75,66,72,10,30,77,27,34,10,8,23,18,7,13,25,12,12,14,39,51,73,18,32,11,16,15,14,15,43,30,32,25,Medium,Medium,Right,3,1,244058,F,74
Melissa Lawley,England,Liverpool,Barclays WSL,LM,29,165,61,74,77,69,72,75,40,66,78,76,69,71,77,64,63,50,71,74,65,68,75,85,74,74,63,35,43,45,40,31,64,72,66,58,High,Medium,Right,5,3,242784,F,
Janina Leitzig,Germany,Leicester City,Barclays WSL,GK,24,184,72,74,73,71,74,15,37,76,38,36,14,11,36,35,11,25,64,10,12,11,40,35,72,23,48,16,9,17,15,12,65,25,74,18,Medium,Medium,Right,3,1,264889,F,74
Teagan Micah,Australia,Liverpool,Barclays WSL,GK,26,176,64,74,72,73,76,9,30,73,33,26,5,8,19,26,5,14,31,12,10,12,28,51,72,18,26,7,9,8,13,11,46,37,40,32,Medium,Medium,Right,3,1,248751,F,73
Esme Morgan,England,Manchester City,Barclays WSL,RB,23,178,59,74,76,34,71,66,72,68,75,76,43,32,85,75,34,41,59,65,32,63,60,60,68,73,63,70,59,77,74,71,72,64,69,68,Medium,Medium,Right,3,2,265339,F,
Fuka Nagano,Japan,Liverpool,Barclays WSL,CM,24,160,53,74,78,60,72,79,61,63,78,78,72,62,83,74,49,51,75,58,57,55,80,71,68,79,78,60,45,71,58,57,63,80,59,52,Medium,Medium,Right,3,3,270892,F,
Anna Patten,England,Aston Villa,Barclays WSL,CB,24,178,57,74,65,44,62,56,76,71,67,63,49,34,69,67,40,56,57,54,51,51,71,52,71,69,75,70,70,79,79,77,76,63,74,73,Medium,Medium,Right,3,2,265237,F,
Katie Robinson,England,Brighton,Barclays WSL,RM,21,160,56,74,79,66,68,75,38,63,79,79,76,68,73,53,61,50,72,72,51,60,74,77,70,76,70,46,50,38,32,26,68,69,62,57,High,Medium,Right,3,3,265289,F,
Drew Spence,Jamaica,Spurs,Barclays WSL,CM,31,164,62,74,34,74,73,77,61,70,33,34,78,75,77,75,60,65,77,67,56,65,32,71,74,78,61,71,59,45,70,59,66,46,87,56,Medium,Medium,Right,4,3,265246,F,
Daphne van Domselaar,Holland,Aston Villa,Barclays WSL,GK,23,176,66,74,73,69,66,9,40,75,36,45,8,6,31,16,7,19,35,12,14,10,37,46,74,18,25,8,10,6,14,13,45,21,34,18,Medium,Medium,Right,2,1,258680,F,74
Asmita Ale,England,Spurs,Barclays WSL,RB,22,166,59,73,66,51,67,58,73,67,63,68,59,54,73,67,35,55,58,72,55,62,69,76,69,70,56,74,69,73,75,72,71,61,69,68,Medium,Medium,Right,3,2,265253,F,
Fran Bentley,England,Bristol City,Barclays WSL,GK,22,164,58,73,72,70,67,15,37,74,34,42,8,9,32,34,7,17,60,14,15,14,41,61,72,15,53,10,7,14,16,17,58,23,65,19,Medium,Medium,Right,3,1,265270,F,75
Laura Blindkilde Brown,England,Aston Villa,Barclays WSL,CM,20,162,56,73,73,57,70,73,61,54,70,75,75,55,79,78,50,57,75,51,49,52,72,79,70,75,56,59,54,58,67,61,57,68,48,51,High,Medium,Right,5,3,265317,F,
Gemma Bonner,England,Liverpool,Barclays WSL,CB,32,178,67,73,49,47,41,51,74,74,47,51,39,48,55,38,22,49,41,27,24,27,47,60,76,68,64,73,64,82,73,68,73,51,87,71,Medium,Medium,Right,4,2,227243,F,
Courtney Brosnan,Republic of Ireland,Everton,Barclays WSL,GK,28,175,73,73,69,69,65,19,41,74,42,40,13,8,30,35,9,23,46,13,16,17,38,53,76,25,42,9,7,10,11,12,64,25,72,21,Medium,Medium,Right,3,1,265331,F,76
Laia Codina,Spain,Arsenal,Barclays WSL,CB,23,170,63,73,51,42,63,60,76,67,51,51,34,43,75,66,39,41,60,55,40,40,57,52,68,75,67,75,69,76,80,72,65,66,62,81,Medium,Medium,Right,2,2,266949,F,
Niamh Fahey,Republic of Ireland,Liverpool,Barclays WSL,CB,36,170,63,73,55,40,63,53,78,60,58,52,35,32,75,67,34,50,57,49,46,56,61,69,77,70,66,79,73,80,78,72,64,69,49,77,Medium,Medium,Right,3,2,266913,F,
Megan Finnigan,England,Everton,Barclays WSL,CB,25,174,59,73,60,43,63,56,74,72,59,61,41,34,76,70,44,50,56,43,59,60,61,55,71,68,73,71,73,77,73,76,77,66,74,73,Medium,Medium,Right,3,2,265334,F,
Shania Hayles,Jamaica,Bristol City,Barclays WSL,ST,23,165,58,73,77,70,59,74,42,68,77,77,70,76,72,48,71,52,64,46,43,51,74,77,69,76,65,38,73,41,37,35,84,67,71,57,High,Medium,Left,3,4,265327,F,
Angharad James,Wales,Spurs,Barclays WSL,CM,29,162,57,73,61,64,76,67,68,65,55,66,71,59,80,76,57,50,74,73,68,70,66,70,69,73,63,71,55,70,69,68,62,62,64,70,High,Medium,Right,3,2,267293,F,
Missy Bo Kearns,England,Liverpool,Barclays WSL,CM,22,167,58,73,76,68,76,77,60,67,75,76,73,69,79,70,65,59,75,76,74,75,77,60,69,78,60,58,51,59,66,62,68,76,66,59,Medium,Medium,Right,3,3,266918,F,
Leanne Kiernan,Republic of Ireland,Liverpool,Barclays WSL,ST,24,164,52,73,81,76,64,78,28,59,82,80,79,77,73,51,75,71,63,60,65,63,78,69,68,77,59,25,52,32,19,21,65,70,52,59,High,Low,Right,4,3,266923,F,
Rachael Laws,England,Liverpool,Barclays WSL,GK,33,175,66,73,70,73,71,8,33,74,33,32,11,7,33,24,7,21,57,19,11,14,36,56,73,21,43,16,7,16,11,12,58,32,66,22,Medium,Medium,Right,3,1,266907,F,73
Anna Leat,New Zealand,Aston Villa,Barclays WSL,GK,22,175,66,73,75,74,66,12,43,69,46,39,9,13,33,27,9,21,32,16,16,25,46,54,71,11,34,9,7,13,14,13,59,28,58,21,Medium,Medium,Right,2,1,242524,F,70
Sandy MacIver,England,Manchester City,Barclays WSL,GK,25,175,65,73,71,73,75,19,35,76,34,37,9,11,33,35,9,21,35,18,17,25,32,40,64,20,39,12,15,15,17,15,57,25,55,23,Medium,Medium,Right,3,1,258979,F,73
Kaylan Marckese,United States,Bristol City,Barclays WSL,GK,25,180,69,73,74,64,68,8,32,77,34,29,8,8,18,20,9,21,38,10,11,12,42,47,70,11,28,13,7,11,13,10,62,26,71,28,Medium,Medium,Right,3,1,270890,F,76
Jasmine Matthews,England,Liverpool,Barclays WSL,CB,30,171,58,73,59,61,63,69,76,66,63,55,66,63,78,72,32,50,69,29,55,50,57,58,72,72,67,75,65,79,76,76,69,63,66,67,Medium,Medium,Left,4,2,266914,F,
Satara Murray,Jamaica,Bristol City,Barclays WSL,CB,30,173,59,73,53,38,56,56,76,63,51,55,42,38,71,63,32,40,59,33,30,38,51,71,69,65,65,72,74,74,80,75,73,42,71,68,Low,Medium,Right,3,2,271044,F,
Shannon O'Brien,England,Leicester City,Barclays WSL,ST,22,171,64,73,71,69,60,82,67,71,71,71,79,67,68,43,62,57,78,48,45,51,73,64,74,76,58,69,70,67,67,64,78,59,74,76,High,High,Right,3,3,265234,F,
Lucy Parker,England,Aston Villa,Barclays WSL,CB,25,173,66,73,58,39,59,57,75,73,62,55,45,39,73,60,40,48,56,45,44,45,54,55,69,69,65,80,69,79,72,69,76,65,77,71,Medium,Medium,Right,3,2,265307,F,
Lucy Staniforth,England,Aston Villa,Barclays WSL,CM,31,157,54,73,75,66,70,75,63,53,78,73,71,66,78,72,53,53,70,60,53,64,82,81,75,77,75,73,45,59,68,60,54,68,44,56,Medium,Low,Right,3,3,246235,F,
Elisabeth Terland,Norway,Brighton,Barclays WSL,ST,22,171,63,73,77,73,69,72,34,66,76,77,71,76,73,66,68,52,69,69,52,61,73,72,70,73,69,24,72,25,36,34,81,66,68,58,Medium,Medium,Right,4,3,266254,F,
Sam Tierney,England,Leicester City,Barclays WSL,CDM,25,167,59,73,72,68,64,65,73,72,72,72,72,73,75,67,61,61,63,49,60,55,73,76,75,67,69,78,58,76,74,67,73,77,71,66,High,Medium,Right,3,2,265233,F,
Laura Wienroither,Austria,Arsenal,Barclays WSL,RB,24,165,58,73,72,52,65,70,72,48,73,72,65,52,76,65,45,53,48,72,34,60,60,77,69,71,70,78,51,75,73,69,52,67,34,60,Medium,High,Right,3,2,264996,F,
Julia Zigiotti,Sweden,Brighton,Barclays WSL,CM,25,165,59,73,69,64,74,78,58,55,71,67,71,62,78,78,57,51,77,63,66,69,80,82,69,74,57,44,40,60,69,62,53,66,50,54,Medium,Medium,Right,3,3,247477,F,
Julie Blakstad,Norway,Manchester City,Barclays WSL,LW,22,170,63,72,79,68,70,70,45,64,78,79,69,69,75,64,53,55,69,75,45,71,73,56,63,72,64,62,36,50,35,34,60,78,60,57,High,Medium,Left,3,3,264233,F,
Natasha Flint,England,Liverpool,Barclays WSL,ST,27,174,66,72,49,72,58,73,39,75,42,55,78,70,70,46,74,63,63,44,60,46,45,50,70,77,76,35,72,38,34,30,76,66,85,60,High,Medium,Right,4,3,265231,F,
Rachel Furness,Northern Ireland,Bristol City,Barclays WSL,CM,35,169,63,72,68,69,73,73,57,63,69,68,73,69,76,71,56,55,73,72,63,71,69,59,72,74,71,63,46,48,64,58,61,62,64,63,Medium,Medium,Left,3,4,266920,F,
Emma Harries,England,West Ham,Barclays WSL,ST,21,178,67,72,75,71,57,75,37,68,73,76,79,72,64,45,72,52,57,59,46,53,75,73,68,70,72,32,61,38,34,26,76,65,74,57,Medium,Medium,Right,3,3,265347,F,
Abigail Harrison,Scotland,Bristol City,Barclays WSL,ST,26,170,67,72,74,76,61,72,24,65,76,72,67,80,59,42,69,75,63,74,68,64,62,61,68,74,65,18,65,16,24,21,80,68,75,34,High,Medium,Right,4,3,247415,F,
Lucy Hope,Scotland,Everton,Barclays WSL,RB,27,165,60,72,66,62,68,70,71,72,66,66,67,59,76,68,59,50,69,60,43,64,71,78,75,72,70,75,55,70,75,69,70,69,72,75,Medium,Medium,Right,3,3,246968,F,
Ffion Morgan,Wales,Bristol City,Barclays WSL,RM,23,157,55,72,73,70,68,74,24,53,73,73,68,73,72,64,58,66,65,68,64,66,76,78,67,76,64,21,55,21,21,16,65,67,55,29,High,Medium,Right,3,3,275454,F,
Aimee Palmer,England,Leicester City,Barclays WSL,CM,23,168,60,72,67,63,69,74,70,68,66,67,66,63,75,72,59,62,71,57,61,59,57,60,69,75,72,71,67,71,73,60,71,68,68,69,Medium,Medium,Right,3,3,275458,F,
Poppy Pattinson,England,Brighton,Barclays WSL,LB,23,166,60,72,69,47,66,54,71,63,68,69,45,43,72,60,41,50,49,75,59,77,67,52,70,72,63,69,78,74,68,65,78,69,62,53,Medium,Medium,Left,3,2,265336,F,
Ella Powell,Wales,Bristol City,Barclays WSL,RB,23,163,57,72,73,31,60,58,72,66,73,73,38,29,69,64,28,42,37,67,55,57,69,74,71,67,71,69,68,75,73,69,75,63,68,60,High,Medium,Right,3,3,275449,F,
Guro Bergsvand,Norway,Brighton,Barclays WSL,CB,29,175,65,71,65,28,47,42,73,69,66,64,25,25,71,52,21,34,29,28,25,32,58,63,69,65,55,76,74,75,70,66,76,67,68,70,Low,High,Right,3,2,265421,F,
Yana Daniëls,Belgium,Liverpool,Barclays WSL,ST,31,170,53,71,71,70,58,76,34,46,75,68,78,69,69,45,69,55,49,59,45,61,68,75,70,75,64,28,65,30,32,29,61,39,44,58,Medium,Low,Right,3,3,266926,F,
Marie Höbinger,Austria,Liverpool,Barclays WSL,CM,22,162,57,71,65,59,68,70,66,62,66,65,73,61,72,70,21,41,74,64,47,46,60,62,68,74,63,66,64,66,69,60,68,65,61,57,Medium,Medium,Left,4,3,265019,F,
Kathrine Kühl,Denmark,Arsenal,Barclays WSL,CM,20,172,60,71,66,54,64,77,62,66,69,63,70,46,78,73,68,61,69,35,56,41,62,59,63,77,66,61,43,63,68,60,59,63,67,67,Medium,Medium,Right,3,3,273010,F,
Gio Queiroz,Brazil,Arsenal,Barclays WSL,LW,20,167,60,71,79,71,61,76,24,68,79,79,71,70,65,50,70,62,65,59,53,68,77,82,62,78,71,22,36,21,25,24,65,63,72,67,Medium,Medium,Right,3,3,271742,F,
Clare Wheeler,Australia,Everton,Barclays WSL,CM,25,162,57,71,64,61,68,69,69,63,67,62,64,63,74,72,62,41,70,62,45,45,58,59,70,75,63,71,46,74,70,66,58,65,58,76,Medium,Medium,Right,3,2,264831,F,
CJ Bott,New Zealand,Leicester City,Barclays WSL,RB,28,165,60,70,48,53,63,64,72,68,39,56,48,55,67,48,44,47,59,76,44,60,59,72,69,66,62,70,64,72,76,68,65,70,75,48,Medium,Medium,Right,3,3,233354,F,
Lisa Fjeldstad Naalsund,Norway,Manchester Utd,Barclays WSL,CDM,28,169,61,70,62,57,62,69,66,68,63,61,39,54,73,71,34,38,57,48,44,48,59,82,69,70,55,68,43,69,69,66,56,77,65,68,Medium,Medium,Right,3,2,268475,F,
Dejana Stefanović,Serbia,Brighton,Barclays WSL,CDM,26,171,66,70,65,48,64,63,70,74,65,65,59,41,74,69,37,61,62,45,74,58,59,62,64,66,71,69,74,70,69,68,82,58,79,77,Medium,Medium,Right,4,3,272937,F,
Amber Tysiak,Belgium,West Ham,Barclays WSL,CB,23,177,70,70,69,38,44,51,70,70,66,71,23,44,64,45,29,37,33,29,26,25,63,77,63,60,52,66,69,65,77,73,75,66,72,71,Low,Medium,Right,3,2,261793,F,
Izzy Atkinson,Republic of Ireland,West Ham,Barclays WSL,LW,22,166,58,69,72,64,64,70,35,57,75,70,70,65,67,56,59,60,65,68,44,65,71,56,68,72,64,32,42,36,36,30,60,48,61,56,Medium,Medium,Left,3,2,270606,F,
Ellie Brazil,England,Spurs,Barclays WSL,RM,24,173,55,69,80,62,61,71,50,56,79,80,71,59,62,58,68,57,62,63,51,55,82,70,66,75,73,67,46,47,45,43,62,56,55,58,Medium,Medium,Right,3,3,265284,F,
Grace Clinton,England,Spurs,Barclays WSL,CAM,20,172,64,69,75,63,65,71,62,74,75,75,65,66,73,70,56,43,67,52,49,49,70,61,66,72,64,51,43,65,72,66,68,67,78,72,Medium,Medium,Right,3,3,265333,F,
Mel Filis,England,West Ham,Barclays WSL,CAM,21,169,66,69,66,71,65,69,40,68,67,66,74,71,74,69,60,62,68,51,49,45,36,73,57,72,73,47,45,31,43,41,67,64,77,50,Medium,Low,Right,3,3,265309,F,
Kit Graham,England,Spurs,Barclays WSL,CAM,28,160,51,69,54,64,65,77,39,68,55,53,74,60,69,67,55,56,69,55,57,70,67,64,65,77,74,45,55,35,36,34,69,55,79,56,Medium,Medium,Left,4,3,265261,F,
Mackenzie Hawkesby,Australia,Brighton,Barclays WSL,CM,23,160,56,69,65,62,68,66,63,63,66,65,71,65,72,66,34,65,72,60,59,65,71,72,71,69,68,66,56,63,64,57,65,66,60,64,Medium,Medium,Right,3,3,277555,F,
Sara Holmgaard,Denmark,Everton,Barclays WSL,LB,24,174,59,69,61,35,65,59,69,64,60,62,30,34,75,62,29,51,50,69,48,63,55,50,68,68,61,65,71,70,70,68,74,54,67,64,Medium,Medium,Left,3,2,265024,F,
Demi Lambourne,England,Leicester City,Barclays WSL,GK,27,175,66,69,69,70,70,12,38,67,39,37,6,7,33,35,8,22,55,10,17,14,33,47,68,12,42,9,13,14,14,17,62,25,70,34,Medium,Medium,Right,3,1,265222,F,67
Aoife Mannion,Republic of Ireland,Manchester Utd,Barclays WSL,CB,28,168,56,69,43,38,65,53,73,56,38,47,42,27,75,68,32,41,57,60,47,65,54,54,65,65,57,75,66,79,70,69,57,44,56,72,Low,Medium,Right,3,2,265268,F,
Chloe Mustaki,Republic of Ireland,Bristol City,Barclays WSL,LB,28,165,60,69,64,54,58,57,69,64,64,64,57,59,65,40,39,40,56,69,34,44,60,58,65,69,54,66,55,79,68,63,65,69,65,55,Medium,High,Left,3,2,273374,F,
Emily Ramsey,England,Everton,Barclays WSL,GK,23,180,72,69,69,68,71,12,35,67,36,33,6,7,31,35,9,19,46,13,18,11,44,59,66,19,60,9,8,15,12,15,62,27,71,22,Medium,Medium,Right,3,1,265269,F,68
Jayde Riviere,Canada,Manchester Utd,Barclays WSL,RB,22,163,55,69,67,51,65,64,67,66,64,69,59,48,72,60,41,48,53,69,57,69,65,62,63,67,54,59,71,66,72,70,73,62,63,76,High,Medium,Right,4,2,250751,F,
Charlize Rule,Australia,Brighton,Barclays WSL,RB,20,176,59,69,77,55,58,64,67,62,75,78,44,60,64,55,42,48,48,66,44,45,70,80,66,63,51,71,69,65,68,60,74,61,61,65,Medium,High,Right,3,2,265691,F,
Remy Siemsen,Australia,Leicester City,Barclays WSL,ST,24,162,56,69,66,67,58,68,27,52,65,67,72,72,74,69,58,58,54,31,57,38,52,59,72,69,57,20,74,19,25,20,71,53,56,34,Medium,Medium,Right,3,3,264832,F,
Emma Snerle,Denmark,West Ham,Barclays WSL,CM,22,174,64,69,67,69,67,72,53,67,67,67,72,70,75,68,69,56,66,58,48,67,75,70,67,75,65,59,49,47,58,47,67,60,76,51,Medium,Medium,Right,3,2,266601,F,
Elise Isolde Stenevik,Norway,Everton,Barclays WSL,LB,24,176,66,69,72,37,62,63,67,64,72,72,50,35,65,57,36,56,54,68,56,62,68,59,68,68,58,69,62,69,65,64,72,62,65,60,High,Medium,Left,4,2,271728,F,
Amy Turner,England,Spurs,Barclays WSL,CB,32,166,60,69,40,27,48,43,68,65,37,43,23,24,73,51,29,41,34,25,25,28,35,63,70,65,53,64,71,72,68,61,70,34,75,76,Low,Medium,Right,3,2,228081,F,
Jessica Ziu,Republic of Ireland,West Ham,Barclays WSL,RW,21,164,55,69,63,63,68,70,46,61,65,62,70,64,74,65,57,63,66,69,53,61,69,65,64,75,58,55,36,52,41,38,53,65,60,59,Medium,Medium,Right,3,3,270468,F,
Jorja Fox,England,Chelsea,Barclays WSL,RB,20,169,61,68,68,36,66,60,67,62,68,68,27,34,75,68,34,47,52,71,44,59,63,58,64,68,51,71,68,69,65,59,72,54,67,57,Medium,Medium,Right,3,2,265248,F,
Josie Green,Wales,Leicester City,Barclays WSL,CDM,30,156,51,68,69,62,64,64,65,59,72,67,61,68,75,67,56,50,67,49,45,52,67,79,69,66,67,63,59,68,66,62,64,66,53,63,Medium,Medium,Right,3,2,265259,F,
Carrie Jones,Wales,Bristol City,Barclays WSL,LM,20,165,54,68,65,64,63,70,39,64,65,65,71,65,66,56,59,56,66,63,46,58,64,62,65,71,62,40,61,30,43,31,68,66,63,61,Medium,Medium,Right,3,3,266570,F,
Sofie Lundgaard,Denmark,Liverpool,Barclays WSL,CM,21,172,63,68,71,66,59,69,57,61,70,71,70,72,69,64,56,54,69,35,52,30,70,65,69,72,59,58,46,56,64,49,58,65,59,60,Medium,Medium,Right,3,3,273050,F,
Emily Syme,England,Bristol City,Barclays WSL,CDM,23,171,64,68,57,47,63,60,67,68,57,57,49,45,73,67,50,56,57,52,58,53,57,58,67,62,69,68,65,72,65,58,69,64,70,69,Medium,High,Right,3,3,265314,F,
Maisie Symonds,England,Brighton,Barclays WSL,CM,20,173,65,68,64,64,67,71,62,59,66,63,69,63,75,74,60,48,69,54,47,59,68,73,59,72,60,63,49,58,69,65,64,41,71,49,Medium,Medium,Right,3,3,265292,F,
Jenna Clark,Scotland,Liverpool,Barclays WSL,CB,22,178,66,67,70,35,51,61,69,61,68,71,35,35,68,59,26,37,37,37,29,38,53,73,62,68,61,69,73,71,68,64,70,71,53,64,Medium,Medium,Right,5,2,268486,F,
Agnes Beever-Jones,England,Chelsea,Barclays WSL,ST,20,173,65,66,67,63,56,72,35,66,69,65,65,64,66,48,59,55,58,46,50,38,67,51,65,72,63,28,62,30,38,30,74,55,72,64,Medium,Medium,Right,3,2,270407,F,
Shannon Cooke,England,West Ham,Barclays WSL,CB,23,175,68,66,65,52,53,52,66,69,71,60,29,48,71,71,31,66,31,34,59,25,52,47,60,61,65,62,72,71,64,61,83,64,73,61,Medium,Medium,Right,3,2,273919,F,
Anouk Denton,England,West Ham,Barclays WSL,LB,20,163,55,66,71,43,56,54,65,63,72,71,39,31,65,60,26,38,35,56,58,59,60,68,62,57,46,66,54,61,71,64,67,62,63,61,Medium,Medium,Right,4,2,273687,F,
Courtney Nevin,Australia,Leicester City,Barclays WSL,LB,21,165,59,66,67,43,62,51,65,61,72,62,46,41,71,70,24,32,41,62,62,61,73,81,56,58,60,66,64,62,67,62,70,65,59,61,High,Medium,Left,3,2,262867,F,
Brooke Aspin,England,Bristol City,Barclays WSL,CB,18,175,66,65,51,30,47,45,65,68,52,50,18,32,62,59,23,41,32,34,38,36,45,39,57,57,51,61,68,65,67,60,72,54,76,62,Medium,Medium,Right,3,2,275457,F,
Emma Bissell,England,Everton,Barclays WSL,CM,21,170,64,65,65,63,56,69,56,61,64,65,64,66,65,62,50,61,63,38,45,32,58,59,64,69,59,61,66,42,65,51,70,59,67,47,Medium,Medium,Right,3,3,277367,F,
Hannah Cain,Wales,Leicester City,Barclays WSL,LM,24,164,57,65,71,61,61,67,36,56,72,70,64,61,61,46,60,55,64,67,63,62,64,59,60,67,58,35,51,33,38,30,63,54,58,53,Medium,Medium,Right,3,3,265224,F,
Naomi Layzell,England,Bristol City,Barclays WSL,CB,19,177,68,65,44,26,51,48,67,62,35,52,21,21,72,63,17,39,34,30,38,25,39,36,57,53,59,64,69,70,66,61,60,53,65,65,Medium,Medium,Right,3,2,275450,F,
Simone Magill,Northern Ireland,Aston Villa,Barclays WSL,ST,29,165,58,65,62,63,57,67,35,55,63,62,69,65,67,42,61,52,56,55,51,56,67,72,69,72,58,28,55,32,37,30,62,42,59,57,Medium,Medium,Right,3,3,265338,F,
Amy Rodgers,Scotland,Bristol City,Barclays WSL,CM,23,172,64,65,63,63,64,65,60,64,62,63,65,67,69,66,56,54,62,59,58,62,62,59,62,67,60,58,58,59,65,57,66,61,66,61,High,High,Right,4,3,276380,F,
Jessie Stapleton,Republic of Ireland,West Ham,Barclays WSL,CB,18,168,58,65,63,54,55,57,66,62,62,63,42,65,67,58,43,53,54,42,41,32,60,64,68,65,62,60,69,70,66,63,70,59,64,57,Medium,Medium,Right,3,2,273368,F,
Miriaél Taylor,England,Liverpool,Barclays WSL,RM,23,170,68,65,50,69,62,69,45,69,65,38,69,66,68,59,68,63,60,53,69,62,70,61,67,72,58,35,68,29,60,47,80,58,84,42,Medium,Medium,Right,3,3,267374,F,
Lucy Watson,England,Chelsea,Barclays WSL,LW,20,167,59,65,68,67,58,66,28,64,64,71,69,72,63,39,61,60,60,60,52,69,68,56,58,65,58,23,36,33,26,25,55,62,69,56,Medium,Medium,Left,3,3,270664,F,
Ruby Mace,England,Manchester City,Barclays WSL,CB,20,168,65,64,35,40,54,51,64,68,36,35,48,27,62,52,35,52,45,53,48,50,33,34,61,62,63,69,48,67,64,63,57,52,80,61,Low,Medium,Right,3,2,265342,F,
Olivia McLoughlin,England,Aston Villa,Barclays WSL,CDM,19,160,57,64,62,48,60,59,63,50,58,66,43,46,64,67,46,53,59,52,51,49,63,62,58,67,57,60,55,65,64,66,46,65,36,66,Medium,Medium,Right,3,2,265322,F,
Jasmine Bull,England,Bristol City,Barclays WSL,RM,21,162,56,63,62,58,63,63,36,60,59,64,60,58,65,61,54,46,61,62,56,65,65,65,57,67,52,23,59,31,43,33,63,53,62,61,Medium,Medium,Right,3,3,275452,F,
Missy Goodwin,England,Leicester City,Barclays WSL,ST,20,163,57,63,69,61,48,70,32,58,69,69,70,60,58,43,60,52,49,37,38,48,72,64,55,67,54,29,57,31,28,31,64,55,59,57,Medium,Medium,Right,3,2,266556,F,
Katie Startup,England,Brighton,Barclays WSL,GK,24,170,64,63,58,61,66,21,33,64,33,32,7,8,32,30,9,21,58,18,15,24,31,52,50,17,56,8,8,9,14,17,55,23,63,20,Medium,Medium,Right,2,1,266526,F,69
Jesse Woolley,England,Bristol City,Barclays WSL,ST,22,173,64,63,61,60,54,62,23,60,62,60,63,59,63,42,58,60,59,45,57,47,61,53,61,63,60,18,65,17,19,17,73,54,73,31,Medium,Medium,Right,3,3,275456,F,
Teyah Goldie,England,Arsenal,Barclays WSL,CB,19,171,64,62,52,48,59,59,66,52,60,46,54,45,68,60,50,56,48,60,32,53,43,74,56,60,72,68,60,66,67,61,60,49,53,50,Medium,Medium,Right,3,2,266457,F,
Sophie Baggaley,England,Brighton,Barclays WSL,GK,27,167,65,61,58,60,74,19,44,59,46,41,8,7,30,31,14,21,47,16,13,17,46,59,54,20,25,18,8,11,16,18,59,20,63,29,Medium,Medium,Right,3,1,265279,F,62
Evie Rabjohn,England,Manchester Utd,Barclays WSL,CB,18,168,57,61,64,38,51,52,62,57,63,65,42,28,62,59,36,51,45,34,51,51,64,74,59,63,53,59,64,66,61,59,64,54,55,62,Medium,Medium,Right,3,2,266503,F,
Jessica Simpson,England,Bristol City,Barclays WSL,LB,18,168,59,61,63,30,53,43,61,56,60,65,33,28,62,54,25,42,34,60,42,43,60,62,58,59,59,59,65,61,62,58,68,37,64,58,Medium,Medium,Left,3,2,273837,F,
Khiara Keating,England,Manchester City,Barclays WSL,GK,19,167,70,60,58,58,59,18,30,58,31,29,7,8,31,33,7,21,45,11,15,15,30,52,59,17,37,9,9,9,17,15,54,20,63,25,Medium,Medium,Right,3,1,266568,F,60
Lucy Parry,England,Liverpool,Barclays WSL,RWB,19,164,58,60,73,45,55,55,56,59,73,73,47,48,57,56,40,50,48,58,49,57,68,75,54,56,64,57,53,59,53,54,66,55,63,53,Medium,Medium,Right,3,2,267583,F,
Hannah Silcock,England,Liverpool,Barclays WSL,CB,19,176,59,58,64,37,55,57,58,54,62,65,50,28,60,57,41,48,53,50,48,51,66,58,61,58,60,60,52,55,62,53,60,35,62,56,Medium,Medium,Right,3,2,267585,F,
Eleanor Heeps,England,Spurs,Barclays WSL,GK,20,175,58,57,57,59,54,21,40,53,40,41,7,7,31,26,7,21,37,9,15,10,42,40,53,17,39,9,8,11,11,13,48,22,50,18,Medium,Medium,Right,2,1,265255,F,59
Gracie Pearse,England,Spurs,Barclays WSL,CB,21,171,63,57,46,41,49,31,57,57,53,40,26,34,56,56,31,51,54,35,34,25,63,39,45,57,58,51,57,60,56,58,62,33,68,56,Low,Medium,Right,3,2,265257,F,
Monique Robinson,England,Leicester City,Barclays WSL,CM,19,170,65,57,66,57,53,58,53,61,60,70,52,57,62,59,53,51,57,31,49,49,70,60,45,58,58,50,39,57,54,54,51,57,65,56,Medium,Medium,Right,3,2,266557,F,
